id;titulo;autor;ano;genero;achieve;adverb;affect;anger;anx;article;assent;auxverb;bio;body;cause;certain;cogmech;conj;death;discrep;excl;family;feel;filler;friend;funct;future;health;hear;home;humans;i;incl;ingest;inhib;insight;ipron;leisure;money;motion;negate;negemo;nonfl;number;past;percept;posemo;ppron;preps;present;pronoun;quant;relativ;relig;sad;see;sexual;shehe;social;space;swear;tentat;they;time;verb;we;work;you
1;A virtude laureada;Manoel Maria de Barbosa du Bocage;1805;Drama;70;67;663;100;84;554;63;70;282;142;114;41;1295;395;35;281;303;3;106;2;12;2048;15;67;65;17;163;135;646;220;81;143;743;57;48;164;51;344;209;13;51;257;306;927;764;171;1145;51;663;83;152;77;47;545;1126;600;140;303;161;143;258;3;50;722
2;Os Pobres;Raul Brandão;1906;Novel;74;177;603;99;63;789;33;252;482;193;198;68;2209;744;31;420;460;21;131;6;44;2980;16;90;103;20;315;112;935;325;177;264;1027;87;93;255;85;319;291;105;157;356;281;1014;917;450;1381;265;1127;64;169;101;102;706;1409;819;269;623;189;323;667;3;53;763
3;Raios de extincta luz;Antero de Quental;1892;Poetry;91;152;596;75;44;636;22;177;360;145;149;51;1813;581;27;323;356;20;120;5;42;2625;19;59;73;15;234;79;869;314;122;213;866;61;54;222;57;243;234;81;124;312;330;814;949;311;1146;197;985;93;110;102;117;572;1156;743;232;471;143;261;496;3;73;650
4;Dispersão;Mário Sá-Carneiro;1914;Petry;113;131;538;70;64;366;15;218;334;169;78;64;1584;453;64;282;334;0;163;3;32;2380;26;78;46;9;192;430;759;308;139;169;538;67;87;267;108;308;142;64;116;323;227;837;695;273;1072;169;1052;76;160;110;58;323;759;590;145;349;99;250;456;0;35;325
5;Cantos Sagrados;Manuel de Arriaga;1899;Poetry;90;149;568;58;30;684;30;145;305;125;162;56;1821;627;42;298;305;23;107;6;37;2746;13;53;61;14;221;81;950;280;102;211;857;81;44;197;26;174;262;83;86;288;379;895;1032;279;1220;170;1113;152;65;114;91;571;1235;916;214;433;187;269;402;14;90;742
6;A Pavorosa Illusão;Manuel Maria Barbosa du Bocage;1837;Poetry;97;73;1011;285;116;711;44;106;372;155;203;44;1514;426;48;329;372;15;111;0;73;2292;15;68;68;5;218;58;701;174;92;184;808;58;48;174;102;590;280;44;39;324;392;1006;875;189;1219;92;672;198;135;68;111;609;1364;662;213;343;208;155;309;5;77;870
7;A Scena do Odio;José de Almada Negreiros;1915;Poem;50;58;433;135;19;471;15;178;286;128;73;50;1565;406;62;209;185;12;93;0;4;2570;4;58;15;19;182;46;1086;224;73;135;611;81;50;197;62;274;255;23;39;209;182;750;1221;185;978;58;866;70;73;93;46;390;981;746;139;209;89;166;359;0;50;696
8;Aves Migradoras;Fialho d'Almeida;1922;Tale;122;167;547;92;59;729;15;178;429;206;194;61;2195;616;15;328;360;21;120;3;43;2981;16;57;98;48;244;67;1070;371;156;251;854;79;98;307;61;244;250;128;227;312;287;862;1145;266;1163;277;1156;64;75;89;87;602;1250;866;268;549;217;352;569;3;89;695
9;Canções;António Botto;1921;Poem;82;131;641;111;52;639;37;149;478;245;168;50;1639;550;40;250;270;0;84;2;50;2515;7;109;111;7;285;245;792;267;111;181;770;129;35;201;64;265;277;57;99;305;357;1020;849;349;1275;188;859;72;104;87;141;589;1191;703;230;352;156;196;490;2;25;708
10;A Invenção do Dia Claro;José de Almada Negreiros;1921;Essay;103;268;429;35;30;781;54;356;386;234;227;101;2356;617;6;395;466;9;105;7;50;3425;24;33;152;33;286;197;941;359;265;337;985;67;117;377;106;141;293;131;270;356;276;1022;1112;494;1459;280;1304;35;63;94;102;575;1450;866;326;595;174;449;862;12;91;731
11;Mágoas Amorosas de Elmano;Manuel Maria Barbosa du Bocage;1805;Poetry;22;81;722;66;22;412;66;133;353;177;110;44;1546;552;52;317;368;0;110;0;44;2216;15;59;37;7;191;110;773;243;52;214;604;15;37;184;110;243;140;15;74;228;434;825;862;221;1060;96;545;118;155;44;103;383;1112;427;133;324;177;88;376;0;29;648
12;Elegia;Manuel Maria Barbosa du Bocage;1790;Poetry;106;71;718;141;106;459;47;71;141;82;71;71;1095;330;47;236;224;12;71;0;0;1814;12;12;35;12;118;59;565;200;47;94;730;0;24;118;0;424;224;24;35;224;318;648;742;94;978;94;648;118;200;47;12;412;919;612;153;283;71;236;177;0;24;577
13;Queixumes do Pastor Elmano Contra a Falsidade da Pastora Urselina Egloga;Manuel Maria Barbosa du Bocage;1791;Drama;84;119;1035;218;80;590;57;169;356;157;188;65;1660;422;31;291;360;0;103;0;65;2537;31;54;96;0;284;238;717;192;153;268;931;46;69;207;111;460;276;42;157;314;529;1131;782;226;1445;115;652;107;169;96;153;655;1380;586;215;310;146;222;479;0;61;859
14;Improvisos de Bocage;Manuel Maria Barbosa du Bocage;1805;Poetry;37;77;535;67;52;424;57;77;218;82;89;30;1271;483;15;280;320;0;77;0;10;2044;2;50;50;12;139;141;676;149;35;134;676;57;37;121;40;238;154;15;57;183;275;728;765;131;1011;67;530;47;97;42;50;411;949;468;89;332;94;116;238;2;37;562
15;A Morte de D. Ignez;Manuel Maria Barbosa du Bocage;1824;Poetry;71;41;601;107;46;385;61;84;311;178;97;36;1414;410;28;227;224;23;84;0;33;1883;13;56;48;13;183;10;800;150;110;161;553;38;64;186;3;303;150;15;104;211;285;619;889;135;782;43;639;64;148;56;69;423;920;568;186;262;153;155;262;0;54;535
16;K4 O Quadrado Azul;José de Almada Negreiros;1917;Other;84;212;569;80;56;807;39;232;452;262;201;119;2495;692;21;480;543;15;99;1;44;3564;9;67;47;34;247;218;1186;321;136;279;1079;52;92;235;122;245;321;110;156;341;288;1184;1332;231;1537;274;1230;36;74;173;82;768;1436;926;208;640;177;364;539;1;64;793
17;As theocracias litterarias;Teófilo Braga;1865;Chronicle;146;170;617;56;26;886;29;290;354;164;298;61;2578;837;12;571;632;3;132;0;29;3531;18;64;114;9;278;9;1050;278;190;407;1255;111;88;249;91;181;304;114;123;322;372;1062;1317;521;1545;255;1053;76;47;73;99;863;1691;787;269;807;266;386;696;15;135;848
18;Paisagens da China e do Japão;Wenceslau de Moraes;1906;Tale;102;203;611;73;53;774;32;154;380;171;199;66;2325;745;22;410;460;17;114;4;33;3161;16;54;57;39;253;47;1105;359;138;243;985;95;70;275;62;235;250;142;141;287;352;941;1177;312;1289;283;1189;97;75;107;81;683;1352;913;276;639;243;383;501;1;95;741
19;Villa Nova de Gaia;João Vaz;1868;Novel;120;149;598;98;37;474;57;248;316;145;248;43;2130;741;18;446;404;15;116;0;36;2675;29;38;98;22;258;46;998;279;145;304;959;88;69;333;42;221;226;21;261;311;365;844;881;305;1223;112;1040;52;82;71;86;645;1354;726;300;486;143;294;753;0;71;679
20;Viriatho;Teófilo Braga;1904;Novel;121;156;583;117;46;788;9;184;331;160;227;52;2361;746;30;431;479;9;105;2;27;3226;23;55;72;13;215;25;1097;363;212;266;1009;68;73;311;49;257;253;112;205;254;296;943;1291;322;1323;224;1193;62;70;64;71;685;1415;931;248;611;268;410;585;5;97;786
21;VIAGEM PARA DELOS E MYCONOS;RUBEN A.;1963;Tale;131;168;693;75;55;728;25;209;454;176;165;93;2469;636;21;422;409;8;124;0;53;3272;20;71;76;51;247;129;1205;456;213;324;877;127;85;405;43;256;256;128;155;356;404;904;1378;444;1233;297;1531;173;81;157;81;613;1318;1059;273;602;225;390;662;0;105;653
22;ARQUIMORTES;Augusto Abelaira;2003;Tale;129;312;740;156;63;804;34;278;441;209;329;127;2896;821;66;538;672;12;156;10;88;3782;37;61;122;37;302;132;1047;470;256;429;1191;71;107;321;192;334;302;202;270;385;399;1069;1206;356;1583;363;1624;49;117;110;68;774;1678;999;370;830;146;701;816;12;156;794
23;A CORTE DO NORTE;Agustina Bessa-Luís;1987;Novel;159;220;745;115;74;768;18;269;528;233;299;78;2920;896;26;514;600;42;123;2;62;3620;27;69;80;63;341;8;1263;421;244;353;1097;96;133;358;107;310;273;121;345;319;404;927;1372;287;1368;323;1360;67;103;99;142;778;1600;962;377;798;249;510;758;1;166;723
24;A SIBILA;AGUSTINA BESSA-LUÍS;1954;Novel;136;250;784;127;90;793;17;202;557;258;279;88;2755;857;23;467;555;41;143;1;60;3596;20;79;102;78;326;20;1216;442;219;318;1131;78;114;335;86;358;269;120;324;386;388;1041;1256;277;1466;315;1317;70;116;132;109;836;1670;944;348;750;294;522;690;2;119;814
25;O CHAPÉU DAS FITAS A VOAR;AGUSTINA BESSA-LUÍS;2008;Tale;113;247;647;94;66;713;16;330;470;207;295;76;2869;931;19;530;625;87;147;5;59;3603;38;56;130;73;365;84;1155;448;263;400;1089;118;136;378;147;255;236;137;476;407;379;923;1112;312;1375;325;1394;57;96;128;123;701;1564;859;426;777;168;538;943;4;137;601
26;DICIONÁRIO IMPERFEITO;AGUSTINA BESSA-LUÍS;2008;Anthology;157;200;859;121;81;810;44;382;426;177;300;96;2856;889;23;539;664;12;104;3;53;3614;36;67;93;25;355;46;1082;364;213;361;1126;91;115;305;139;334;273;118;141;300;476;933;1211;564;1411;351;1347;93;110;91;111;742;1567;900;382;844;221;421;801;8;201;710
27;EMBARQUE EM BRINDISI;AGUSTINA BESSA-LUÍS;1971;Tale;124;205;762;137;62;789;20;201;447;213;241;89;2703;848;23;414;530;13;134;14;60;3351;33;46;105;24;269;11;1234;376;178;331;957;132;109;286;114;332;233;108;231;368;404;958;1177;384;1288;272;1230;85;114;129;79;737;1418;940;309;690;295;437;665;10;161;754
28;LONGOS DIAS TÊM CEM ANOS;AGUSTINA BESSA-LUÍS;1982;Narrative;129;224;624;77;56;754;32;331;426;180;264;73;2635;792;19;447;547;15;108;7;36;3428;30;48;97;42;288;69;1088;398;191;335;1025;100;104;298;99;230;262;123;170;347;365;888;1244;523;1308;319;1308;72;74;146;113;680;1425;884;338;744;200;413;771;4;165;662
29;OS AMANTES APROVADOS;Agustina Bessa-Luís;1971;Tale;117;278;821;136;83;796;23;207;607;294;269;101;2747;847;23;472;594;39;184;2;41;3540;23;92;76;58;347;2;1194;412;175;350;1088;87;117;260;101;377;297;113;315;462;400;1044;1263;260;1440;322;1309;92;138;209;104;791;1564;1017;373;757;329;462;649;7;120;803
30;O GALEÃO ENXOBREGAS;FRANCISCO MARIA BORDALO;1880-1881;Novel;131;210;599;139;67;760;10;196;359;150;239;78;2619;824;20;441;516;24;123;1;29;3542;23;61;49;20;219;2;1338;463;202;236;1048;67;56;398;74;313;299;96;322;279;263;963;1480;226;1300;217;1448;96;112;92;67;777;1409;1148;260;567;242;515;627;2;99;802
31;HISTÓRIA DO ROMANTISMO EM PORTUGAL I;TEÓFILO BRAGA;1880;Essay;167;175;667;98;49;761;14;229;321;137;260;62;2493;709;19;433;481;12;97;2;28;3285;25;40;69;14;231;20;1123;379;189;341;1017;90;81;288;56;253;274;84;224;248;374;927;1365;325;1304;234;1284;104;75;65;80;720;1441;899;263;593;254;458;618;5;217;766
32;HISTÓRIA DO ROMANTISMO EM PORTUGAL II;TEÓFILO BRAGA;1880;Essay;166;173;671;105;46;728;15;223;321;132;255;71;2470;705;22;431;469;11;96;1;26;3222;37;48;78;14;229;26;1100;353;195;319;975;79;78;277;67;264;259;95;205;254;371;879;1345;317;1240;247;1229;104;85;64;82;695;1358;878;266;608;224;452;593;4;228;709
33;O DESTINO VIAJA A BORDO;MARIA ONDINA BRAGA;1982;Tale;142;178;511;68;50;735;17;176;481;218;183;67;2081;551;14;371;457;41;113;0;55;2888;30;47;75;41;316;40;895;352;142;263;1021;82;84;239;99;217;287;103;249;289;273;973;1057;187;1274;225;1016;133;71;75;101;818;1464;856;280;565;198;411;558;3;91;745
34;A Queda dum Anjo;Camilo Castelo Branco;1865;Novel;137;170;647;104;58;652;21;265;417;204;221;55;2421;766;17;494;540;55;108;8;66;3385;35;57;130;48;299;127;1098;314;173;296;1064;86;87;304;93;264;235;95;242;337;364;1003;1191;365;1419;199;1078;86;84;74;84;738;1609;781;334;613;185;405;712;2;178;726
35;Amor de Perdição;Camilo Castelo Branco;1862;Short story;147;199;655;132;72;711;24;327;471;239;224;60;2509;751;36;513;578;112;118;10;57;3615;45;72;160;60;366;169;1057;375;246;351;1146;76;120;400;132;311;292;99;314;402;326;1179;1158;438;1588;199;1226;114;102;79;83;862;1876;827;395;607;200;447;900;4;101;841
36;GRACEJOS QUE MATAM;Camilo Castelo Branco;1875;Short story;118;141;647;141;70;711;13;201;399;191;177;46;2214;671;38;426;462;62;106;5;60;3154;25;74;110;46;318;83;1054;285;175;284;1000;64;88;287;82;315;239;123;229;317;312;996;1129;263;1327;185;1057;71;91;64;60;757;1597;784;338;546;210;409;587;5;110;775
37;MARIA MOISÉS;Camilo Castelo Branco;1876/77;Short story;119;215;560;90;54;730;26;285;440;203;196;48;2400;742;45;468;535;102;116;9;55;3456;29;68;149;63;396;111;1062;384;195;348;1103;69;106;352;101;247;275;116;317;383;294;1047;1152;416;1451;200;1187;93;87;83;73;777;1749;811;377;602;181;467;829;2;106;787
38;O COMENDADOR;Camilo Castelo Branco;1877;Short story;102;192;457;68;35;769;16;237;433;220;194;46;2238;695;27;450;463;92;125;5;66;3297;25;63;115;50;335;106;1062;352;188;291;1113;81;94;357;63;194;293;126;291;383;251;1093;1158;342;1456;160;1189;94;70;98;70;833;1706;897;373;532;202;435;741;3;108;830
39;O DEGREDADO;Camilo Castelo Branco;1876;Short story;125;183;546;119;44;705;24;211;431;202;209;49;2363;701;33;417;467;34;114;4;57;3314;21;89;84;44;283;66;1167;360;174;294;980;78;106;333;88;247;245;132;281;300;288;958;1280;283;1276;193;1159;80;60;81;70;751;1484;863;328;542;217;423;673;3;109;744
40;O FILHO NATURAL;Camilo Castelo Branco;1876;Short story;139;170;601;96;60;741;14;252;471;216;234;49;2422;739;21;477;497;106;117;4;63;3360;29;69;129;79;338;88;1110;330;201;323;1089;77;113;337;90;268;254;126;295;387;328;1063;1176;323;1416;192;1185;71;95;85;88;827;1725;869;367;585;215;454;733;3;128;809
41;A ILHA AZUL;RAUL BRANDÃO;1927;Novel;125;212;608;86;74;801;19;185;418;180;213;87;2518;833;21;392;440;6;167;4;39;3320;13;64;59;42;228;56;1288;494;210;225;1008;106;50;357;54;330;292;120;77;472;287;880;1272;493;1241;300;1565;61;131;255;67;681;1258;1232;274;622;170;409;578;3;71;691
42;MULHERES;RAUL BRANDÃO;1923;Chronicle;89;196;472;73;67;897;27;168;426;191;186;60;2412;821;21;365;438;28;188;7;65;3368;5;85;75;46;232;61;1276;448;207;205;987;108;71;368;57;267;283;168;97;435;211;1005;1263;480;1297;266;1481;57;101;148;59;730;1378;1186;265;591;239;444;552;3;54;801
43;ERA UMA VEZ UMA PRAIA ATLÂNTICA;SOPHIA DE MELLO BREYNER;1996;Chronicle;121;271;645;71;65;755;21;282;559;299;226;94;2719;860;7;432;505;71;171;3;44;3576;19;77;118;86;350;119;1231;514;241;406;1009;156;126;407;115;285;296;125;432;483;343;1065;1143;328;1403;258;1452;57;114;183;86;762;1544;1036;337;617;256;514;904;9;112;771
44;NAUFRÁGIO DE SEPÚLVEDA;BERNARDO GOMES DE BRITO;1735;Novel;191;362;473;77;26;657;4;464;565;244;435;124;3469;1284;20;730;773;32;175;1;46;4535;88;79;74;9;330;9;1536;632;285;334;1390;88;122;664;145;207;222;155;579;394;264;1022;1264;328;1706;258;1762;63;57;111;104;845;1858;973;445;886;294;574;1227;0;108;818
45;HISTÓRIA DA LITERATURA;Maria Leonor Carvalhão Buescu;1991;Essay;137;182;593;88;47;679;16;151;256;95;248;79;2525;803;9;364;443;14;62;0;28;3082;21;25;74;10;212;9;1202;347;113;285;835;78;44;210;36;212;247;104;76;222;329;718;1375;375;1010;284;1171;61;54;65;84;599;1183;854;268;637;162;370;499;2;192;592
46;O COMPADRE RABINO;Brito Camacho;1921;Tale;92;272;555;98;44;901;22;343;513;256;320;89;2829;780;30;507;587;70;176;2;26;3751;30;64;101;40;329;126;1120;455;295;360;1144;84;165;401;126;224;289;123;334;382;331;1130;1226;444;1530;336;1364;62;76;93;99;830;1658;867;441;761;253;457;898;2;138;836
47;CARTA A EL-REI D. MANUEL SOBRE O ACHAMENTO DO BRASIL;PÊRO VAZ DE CAMINHA;1817;Letter;76;317;376;40;28;524;7;253;396;197;322;62;2774;939;9;493;572;6;153;2;37;3690;40;43;73;17;239;23;1298;490;200;270;997;115;58;477;108;115;188;156;416;336;249;809;1131;328;1354;261;1453;63;32;119;96;518;1342;913;326;710;276;442;901;40;60;533
48;AR DO MAR;JOAQUIM CANAS CARDIM;1982;Novel;182;237;580;92;79;739;20;363;418;261;352;117;3143;938;37;560;618;4;215;0;11;4026;48;55;35;20;182;70;1406;565;334;378;1029;99;121;477;90;283;259;196;383;338;270;894;1536;411;1312;383;1905;26;99;86;61;716;1332;1261;290;840;200;628;923;7;110;683
49;A PELE DO JUDEU;Mário de Carvalho;1981;Tale;121;191;512;59;88;693;26;167;360;185;162;85;2670;685;18;386;443;3;196;0;18;3208;10;77;88;59;136;5;1347;523;175;330;855;62;49;386;67;250;229;118;319;443;247;721;1370;183;1014;301;1617;44;88;165;26;608;1151;1208;237;723;139;438;602;0;111;582
50;A INAUDITA GUERRA DA AVENIDA GAGO COUTINHO;Mário de Carvalho;1983;Tale;154;182;583;114;79;712;0;186;225;107;233;75;2741;798;4;483;519;4;129;4;29;3478;21;21;75;36;236;7;1356;422;218;301;1002;72;82;419;97;301;250;132;343;347;279;819;1478;179;1188;261;1445;61;72;136;18;676;1313;1005;322;705;165;540;590;4;114;640
51;NOME DE FLOR;Armando Silva Carvalho;2001;Tale;99;166;478;92;32;761;14;212;602;326;205;106;2504;613;28;333;414;53;177;4;74;3382;39;99;120;64;421;205;1193;460;216;319;907;92;85;411;103;205;280;106;255;475;262;1013;1321;411;1349;266;1296;42;67;135;78;683;1480;935;382;559;220;513;715;0;110;722
52;O CAPITÃO PASSANHA;MÁRIO DE CARVALHO;1981;Tale;125;168;573;95;76;822;21;205;412;209;209;68;2592;760;9;465;488;6;151;1;24;3388;18;56;96;23;184;94;1248;471;229;299;990;77;72;405;62;282;260;151;291;365;274;970;1294;261;1295;251;1476;63;88;111;46;714;1385;1080;342;677;197;482;681;3;131;726
53;O CELACANTO;Mário de Carvalho;2011;Tale;94;195;621;91;89;693;12;276;348;185;197;64;2581;678;5;375;439;2;148;7;25;3222;27;39;91;59;237;180;1213;436;205;399;895;94;116;397;89;286;259;150;328;392;323;902;1144;303;1198;281;1390;27;84;145;54;619;1210;964;249;629;84;483;772;5;118;555
54;QUE TODOS FICASSEM BEM...;Mário de Carvalho;1981;Tale;149;187;599;84;78;794;24;224;470;226;170;64;2421;713;3;464;481;11;149;2;24;3353;22;59;94;32;211;168;1104;453;238;284;967;46;81;421;56;280;246;143;326;362;300;994;1199;310;1328;268;1446;65;95;110;56;681;1355;1026;373;686;173;507;720;6;130;688
55;Poesias;António Feliciano de Castilho;18??;Poetry;96;140;756;112;66;620;14;179;419;202;148;94;1963;603;40;348;404;35;130;5;49;2842;14;64;95;35;271;125;886;377;159;266;881;98;82;306;111;357;220;93;162;372;377;1007;919;336;1305;194;1181;126;138;136;109;645;1408;816;252;456;159;330;575;1;71;765
56;MAR IMPLACÁVEL;JERÓNIMO OSÓRIO DE CASTRO;1957;Novel;136;281;673;94;80;761;28;194;439;192;231;111;2643;954;20;475;605;5;145;1;22;3574;24;86;48;12;205;19;1184;499;206;255;1059;87;76;356;71;289;253;111;162;328;348;983;1300;394;1367;281;1599;55;96;133;70;748;1383;1136;210;740;285;503;619;4;65;769
57;O SENHOR DOS NAVEGANTES;FERREIRA DE CASTRO;1954;Tale;168;300;692;127;89;793;21;380;473;241;324;113;2771;798;31;533;630;21;151;9;55;3823;48;67;96;3;392;267;973;462;276;409;1151;87;99;408;123;336;240;132;384;384;322;1175;1053;433;1661;337;1555;103;116;125;70;776;1613;891;308;810;219;545;933;2;115;748
58;SE TU VIESSES VER-ME HOJE À TARDINHA;Mário Cláudio;2014;Tale;131;157;393;13;26;982;0;105;314;170;209;105;2474;628;0;497;458;92;118;0;13;3482;52;13;39;92;209;52;1152;393;144;262;1335;92;105;366;52;118;275;144;223;223;223;1178;1479;157;1597;275;1086;39;39;52;26;969;1623;995;196;668;170;445;484;0;288;890
59;A CHOCA;Trindade Coelho;1891;Tale;104;302;576;98;56;731;19;250;404;188;219;80;2254;694;16;484;529;36;132;4;50;3227;18;56;129;34;317;62;904;431;185;296;1151;77;75;365;84;259;267;96;307;383;307;1029;1013;356;1446;243;1306;63;98;122;81;797;1581;835;302;624;182;455;752;4;65;773
60;ABYSSUM ABYSSUM;Trindade Coelho;1891;Tale;109;297;742;120;89;678;13;250;381;203;201;87;2132;635;13;464;495;54;154;4;29;3115;13;58;105;40;330;38;847;450;192;256;1001;62;58;404;87;363;201;103;272;408;372;968;990;332;1353;236;1521;76;145;174;65;647;1425;899;223;593;274;486;678;11;38;720
61;ANTÓNIO FRALDÃO;Trindade Coelho;1891;Tale;83;337;573;142;54;722;16;252;365;172;195;79;2137;666;20;485;535;72;104;2;60;3171;14;38;107;33;370;101;826;428;164;301;1246;61;80;352;98;299;282;69;307;326;260;1125;899;346;1537;231;1157;33;96;93;77;892;1679;729;294;589;94;430;773;3;31;828
62;IDÍLIO RÚSTICO;Trindade Coelho;1891;Tale;89;290;601;64;70;814;11;234;375;202;228;85;2350;729;19;465;486;11;147;0;32;3243;11;36;147;26;262;21;1061;479;211;294;1189;109;98;422;53;211;322;107;392;407;381;1044;1159;268;1443;247;1485;107;79;158;70;846;1564;1014;317;592;198;514;737;4;51;833
63;LUZIA;Trindade Coelho;1891;Tale;80;302;448;80;38;719;19;184;360;130;187;80;2073;604;8;486;482;34;145;4;69;3156;4;42;168;38;310;77;861;371;218;249;1190;96;50;245;96;176;287;61;195;417;283;1064;1048;375;1477;230;1140;50;50;111;96;830;1676;780;375;566;142;413;654;0;34;822
64;MANHÃ BENDITA;Trindade Coelho;1891;Tale;54;259;478;143;49;679;13;255;443;130;179;54;1931;550;18;447;474;103;125;18;80;2834;13;58;143;31;371;116;809;313;197;255;1149;49;67;273;89;295;331;72;246;402;179;1086;894;465;1457;165;912;63;98;94;80;876;1708;688;380;487;89;376;747;0;22;769
65;MANUEL MAÇORES;Trindade Coelho;1891;Tale;60;349;486;125;51;748;14;241;322;134;224;83;2000;595;62;412;505;69;120;12;56;3173;7;30;171;25;359;83;766;458;120;312;1289;72;67;430;93;268;243;67;338;398;211;1136;891;368;1576;231;1234;62;88;102;88;956;1766;680;317;553;104;477;815;2;28;877
66;MARICAS;Trindade Coelho;1891;Tale;65;347;635;74;40;571;20;243;377;199;253;124;2596;804;25;481;566;10;119;5;30;3419;15;45;169;65;278;109;998;397;144;372;1112;89;74;323;99;213;273;99;382;442;412;1027;978;288;1479;233;1380;55;84;129;55;715;1608;859;303;754;159;516;769;30;144;655
67;MÃE!;Trindade Coelho;1891;Tale;85;233;694;118;122;787;4;107;595;210;225;55;2482;953;11;476;510;78;174;0;30;3342;26;103;63;7;299;0;1311;502;185;207;1167;37;41;428;48;436;340;52;247;428;244;1056;1381;196;1377;203;1573;74;225;133;122;894;1532;1208;281;550;210;473;513;0;55;831
68;Os Meus Amores;Trindade Coelho;1891;Tale;105;290;577;95;56;733;19;246;414;201;217;81;2252;679;16;473;516;35;137;4;45;3207;18;54;138;31;313;55;902;427;189;302;1147;79;77;364;83;259;258;106;321;393;306;1007;1022;335;1423;255;1302;65;97;120;86;798;1560;826;303;629;176;447;748;3;62;764
69;PARA A ESCOLA;Trindade Coelho;1891;Tale;224;391;570;33;21;622;52;446;364;215;285;70;2260;579;3;507;525;6;97;12;45;3352;39;33;200;36;394;179;764;370;197;397;1092;94;88;391;85;149;258;61;294;397;416;983;861;610;1474;197;1404;124;61;100;97;652;1598;767;297;558;152;534;1068;3;218;664
70;PRELÚDIOS DE FESTA;Trindade Coelho;1891;Tale;117;246;492;59;25;694;30;328;332;170;239;75;2234;709;11;588;615;7;115;9;74;3204;36;36;174;38;361;59;737;395;160;370;1281;72;74;337;102;152;221;115;355;416;330;962;901;396;1468;228;1150;48;56;102;43;881;1728;621;346;687;91;422;895;4;75;694
71;SULTÃO;Trindade Coelho;1891;Tale;126;265;582;103;69;783;19;158;400;195;197;53;2004;528;18;394;411;3;147;3;31;2898;15;47;111;37;265;34;794;458;169;255;1049;89;52;357;66;282;227;144;245;378;297;962;979;390;1286;261;1242;50;94;124;79;781;1386;800;302;587;145;408;687;5;55;791
72;TERRA MATER;Trindade Coelho;1891;Tale;100;315;504;107;32;844;23;290;479;225;249;111;2597;846;18;504;635;45;152;0;54;3620;11;93;109;41;261;18;1057;454;206;306;1095;98;111;429;88;270;281;111;327;349;202;1034;1164;345;1508;345;1395;45;125;147;95;680;1570;957;302;812;372;397;735;0;70;821
73;TIPOS DA TERRA;Trindade Coelho;1891;Tale;110;190;534;99;38;645;21;283;365;214;180;71;2080;526;11;427;465;12;136;7;21;2988;22;33;182;21;263;28;784;320;202;307;1013;87;91;337;87;234;165;148;336;416;291;804;957;307;1223;263;1144;66;63;99;48;662;1391;707;307;582;160;386;740;0;83;628
74;VAE VICTIS!;Trindade Coelho;1891;Tale;87;351;518;38;49;846;8;200;506;276;276;106;2731;827;8;518;548;30;151;0;34;3649;26;68;178;19;340;57;1080;484;230;446;1417;91;76;317;87;155;325;155;400;416;340;1220;1160;264;1719;344;1462;45;42;159;170;1001;1783;937;336;812;196;461;786;0;23;903
75;VAE VICTORIBUS!;Trindade Coelho;1891;Tale;76;379;704;131;122;776;8;198;506;228;325;84;2260;687;34;350;405;8;164;4;25;3141;13;76;173;4;337;0;915;616;181;253;1037;38;51;468;76;379;240;177;401;468;291;814;1172;261;1185;413;1488;160;131;131;156;742;1227;793;295;658;135;388;738;0;38;670
76;ÚLTIMA DÁDIVA;Trindade Coelho;1891;Tale;137;257;648;81;59;883;20;207;536;282;173;101;2366;712;31;506;528;103;176;3;42;3293;11;53;123;34;341;42;1020;453;196;304;1324;103;98;397;61;324;302;84;372;425;310;1168;1140;240;1553;229;1427;53;184;98;115;1034;1771;955;302;676;156;520;749;0;22;939
77;VILEGIATURA;Hélia Correia;2001;Tale;114;245;711;102;71;728;17;205;481;199;262;102;2591;683;6;429;489;23;168;6;48;3376;17;65;105;100;296;239;1052;520;239;361;953;117;100;361;88;304;208;114;347;404;395;995;1149;301;1433;321;1388;65;91;134;91;552;1411;904;344;722;222;520;742;3;119;634
78;UM AMOR DE CÃO;Maria Velho da Costa;2012;Tale;117;204;599;102;73;766;7;131;642;445;139;51;2431;788;29;372;409;7;219;0;29;3234;7;95;80;15;212;0;1460;409;175;212;993;88;51;394;44;307;336;88;255;562;292;964;1365;153;1197;241;1504;15;117;190;131;796;1263;1102;219;562;175;526;577;0;15;745
79;Poesia Angolana;Tomaz Vieira da Cruz;1961;Poem;96;203;702;115;65;584;6;220;506;177;164;77;1981;608;72;348;383;8;118;19;61;2800;22;113;112;14;354;126;929;348;134;252;838;131;54;289;56;369;247;75;227;434;322;895;1006;310;1240;208;1138;88;174;152;152;560;1323;812;249;512;136;260;613;2;67;707
80;HISTÓRIA DE DOIS PATIFES;Fialho D' Almeida;1881;Tale;142;133;622;106;67;847;11;103;553;243;189;54;2358;676;16;299;294;22;133;0;40;3120;16;45;65;85;258;0;1339;458;159;195;730;88;63;319;18;292;213;155;263;312;317;881;1316;177;1085;285;1240;34;81;137;150;586;1240;923;285;550;353;398;496;0;88;777
81;OS GATOS;FIALHO DE ALMEIDA;1889-1894;Chronicle;118;187;513;82;40;696;20;163;371;150;183;62;2504;706;18;303;348;7;138;2;30;3238;22;27;50;77;227;38;1413;431;173;205;808;113;75;307;42;257;267;105;67;390;258;778;1538;398;1028;252;1326;87;88;223;93;578;1076;1111;238;535;172;378;513;2;90;611
82;A RUIVA;Fialho D' Almeida;1881;Tale;110;159;575;109;59;698;17;186;556;266;180;52;2218;596;26;339;348;24;144;5;47;2851;17;88;113;57;284;42;1037;402;182;293;796;78;108;314;66;286;222;128;287;385;278;829;1079;278;1071;282;1230;57;102;121;103;619;1253;912;300;557;217;399;636;2;75;660
83;SEMPRE AMIGOS;Fialho d'Almeida;1881;Tale;103;160;530;96;66;824;14;218;536;281;179;53;2248;649;33;356;361;37;135;2;61;3140;11;73;124;56;258;43;1135;394;182;271;893;95;111;351;64;283;256;146;315;386;250;923;1206;280;1181;283;1234;51;89;99;69;698;1381;966;298;533;235;397;665;3;76;771
84;O NAVIO DOS MORTOS;JOAQUIM PAÇO D'ARCOS;1952;Short story;150;192;739;129;48;783;20;210;406;159;216;61;2446;707;48;427;491;58;80;0;38;3431;39;43;58;24;252;43;1177;438;238;300;1078;88;125;320;70;337;297;92;305;242;380;998;1455;206;1386;182;1445;93;108;56;66;801;1548;1097;331;523;255;541;614;4;230;835
85;MARÉS DE MAR;LUÍSA DACOSTA;1980;Novel;103;244;438;65;39;778;20;232;481;221;202;56;2246;796;16;415;490;43;152;3;47;3170;21;75;64;48;236;48;1056;455;190;247;987;132;90;342;96;220;273;102;206;388;217;1016;1094;356;1327;223;1305;39;100;174;93;738;1404;995;272;553;255;402;652;1;63;795
86;O MOLEIRO DE SULA;Júlio Dantas;1954;Tale;154;177;453;116;38;809;17;130;393;175;157;62;2154;581;33;349;363;10;124;1;47;3112;10;62;68;38;211;22;1152;457;202;205;924;79;68;423;34;212;276;102;253;294;205;980;1413;260;1190;168;1330;90;60;109;56;788;1328;1044;277;475;232;372;577;1;94;801
87;OS SERENINS DE QUELUZ;Júlio Dantas;1915;Short story;84;91;544;70;70;823;0;70;433;181;112;42;1863;544;7;209;209;0;133;0;14;2917;14;112;133;63;147;0;1221;300;98;140;656;140;42;230;28;307;181;70;195;335;244;879;1417;98;991;140;879;161;112;98;56;558;1068;830;161;342;321;314;321;0;98;761
88;A Morgadinha dos Canaviais;Júlio Dinis;1868;Novel;149;243;730;110;80;741;23;295;406;191;262;85;2715;802;24;564;628;52;123;7;47;3578;39;61;151;54;307;110;1081;386;239;394;1210;89;105;368;112;306;279;89;310;391;396;1036;1176;422;1542;275;1321;88;101;105;74;775;1694;880;356;732;183;493;847;5;157;751
89;As Pupilas do Senhor Reitor;Júlio Dinis;1866;Novel;133;271;693;95;78;686;28;332;448;209;280;86;2699;788;14;572;644;43;128;12;51;3586;44;74;176;45;322;121;1029;397;240;417;1242;82;113;362;127;291;276;83;310;431;377;1054;1110;485;1585;249;1306;76;106;104;75;788;1721;834;361;709;155;503;925;7;132;756
90;O CANTO DA SEREIA;JÚLIO DINIS;1870;Tale;121;286;707;106;116;767;15;241;415;191;248;101;2634;880;26;585;626;15;156;11;36;3504;28;57;221;11;253;60;980;431;196;396;1298;131;80;366;93;345;276;77;326;488;333;1060;1131;335;1612;279;1425;80;109;119;84;814;1683;990;278;808;223;484;763;3;70;795
91;Os Fidalgos da Casa Mourisca;Júlio Dinis;1871;Novel;167;250;771;108;84;726;25;347;445;199;282;87;2838;851;17;624;685;70;132;8;68;3781;51;65;140;64;356;150;1085;390;260;425;1268;82;119;372;135;307;279;85;289;405;433;1113;1160;495;1675;260;1353;70;101;105;81;793;1826;873;376;772;199;512;925;5;140;789
92;Uma Família Inglesa;Júlio Dinis;1867;Novel;148;253;722;92;86;690;24;292;403;187;262;87;2709;760;13;542;615;52;121;11;46;3503;42;55;157;58;291;104;1087;396;223;416;1189;86;116;362;116;288;280;84;306;403;403;995;1168;416;1493;265;1342;70;93;103;69;754;1636;867;345;706;158;520;850;5;146;718
93;A GALINHA;Vergílio Ferreira;1976;Tale;124;342;484;135;38;805;21;342;463;204;276;90;2815;850;45;528;601;245;114;3;28;3851;31;52;169;45;332;276;1244;525;321;321;1282;55;159;449;93;266;397;145;515;373;193;1230;1199;356;1699;297;1492;31;100;73;131;843;1724;981;463;636;97;636;1005;0;83;774
94;UMA ESPLANADA SOBRE O MAR;Vergílio Ferreira;1976;Tale;138;310;566;46;23;818;19;401;566;210;290;183;2958;848;23;535;696;8;153;11;107;3684;65;42;283;4;436;73;1040;417;210;466;1345;65;88;375;176;168;310;99;478;730;382;1059;986;424;1590;390;1525;15;46;302;118;864;1750;910;665;768;92;462;1200;15;69;764
95;A CAÇADA DO MALHADEIRO;Conde de Ficalho;1903;Short story;97;315;524;139;33;727;18;254;445;248;163;76;2358;715;42;333;427;82;245;6;33;3345;24;82;145;21;294;151;1051;572;291;321;823;136;97;578;106;303;200;160;521;512;230;923;972;269;1214;257;1838;24;97;127;73;563;1350;1017;357;557;221;515;911;9;67;648
96;A MALUCA D´A-DOS-CORVOS (1);Conde de Ficalho;1903;Short story;126;206;657;99;99;792;5;194;477;216;194;73;2365;642;17;346;405;70;189;7;39;3162;17;65;126;53;274;19;1073;368;201;351;962;97;124;378;70;276;288;128;332;519;373;947;1170;305;1199;300;1398;27;85;170;73;766;1398;991;354;598;211;489;703;0;99;763
97;DEZ QUILOS DE TRUTAS;TOMAZ DE FIGUEIREDO;1970;Tale;120;276;435;89;27;746;12;155;426;221;199;89;2541;792;20;441;523;33;174;2;20;3288;23;59;62;10;262;57;1254;401;176;259;1062;67;67;281;124;191;354;107;222;369;226;893;1247;236;1249;266;1098;79;80;129;85;757;1336;893;301;622;105;431;605;0;42;712
98;PERFORMANCE;José Martins Garcia;século 20;Tale;124;174;526;117;56;720;24;239;437;225;170;75;2189;547;15;365;396;5;117;6;25;2895;26;69;93;36;177;60;902;452;210;319;911;64;110;322;77;287;217;118;330;346;221;842;1024;277;1140;283;1235;38;74;104;49;664;1223;787;316;611;137;410;718;1;173;651
99;Camões;Almeida Garrett;1825;Poetry;148;123;881;152;75;507;34;152;404;207;141;52;1537;454;40;297;331;19;141;2;44;2169;12;88;106;19;225;92;666;285;125;221;744;79;69;245;70;405;178;37;143;387;453;787;723;263;1037;106;929;135;169;112;83;534;1121;677;252;360;138;256;470;2;94;609
100;Folhas Caídas;Almeida Garrett;1853;Poetry;105;151;812;111;55;552;45;324;513;211;172;54;1818;508;60;399;443;16;160;21;68;2659;32;97;111;11;361;179;726;307;139;288;915;65;71;304;117;349;233;50;205;491;436;970;724;444;1353;154;1049;160;175;189;171;582;1392;600;258;442;123;255;760;5;47;684
101;Frei Luís de Sousa;Almeida Garrett;1844;Drama;127;253;583;88;65;499;41;407;398;202;203;86;2418;738;37;512;602;109;110;14;45;3524;47;50;139;34;339;242;979;401;204;323;1003;56;93;381;175;220;187;65;210;377;349;970;930;613;1500;217;1291;108;94;91;78;545;1532;701;322;569;126;440;938;12;62;611
102;Viagens na Minha Terra;Almeida Garrett;1846;Short story;114;231;725;115;65;650;31;337;432;208;219;80;2621;898;34;501;600;38;123;11;45;3600;42;66;121;28;293;135;1135;380;200;333;1070;76;99;330;148;304;235;89;264;362;396;974;1099;435;1457;260;1288;128;108;108;98;668;1507;805;305;649;191;441;801;10;94;692
103;A CAMA DE PREGOS;Luísa Costa Gomes;2001;Tale;130;219;599;106;54;779;5;268;526;258;224;89;2727;724;15;489;583;67;135;2;42;3467;26;83;127;127;244;23;1159;403;278;380;1145;93;125;399;123;292;305;166;339;401;289;927;1244;330;1356;325;1444;54;102;120;71;783;1528;973;365;737;154;503;823;3;101;729
104;AGOSTO AZUL;M. TEIXEIRA-GOMES;1904;Chronicle;138;246;588;82;60;751;14;152;459;235;204;82;2545;795;18;463;504;1;211;3;35;3355;10;59;58;14;229;82;1251;512;208;260;1025;114;60;390;49;264;277;100;165;412;312;972;1367;414;1305;231;1511;48;87;172;69;729;1367;1180;286;644;193;433;575;4;89;706
105;UMA COPEJADA DE ATUM;Manuel Teixeira Gomes;1941;Tale;143;291;576;59;65;772;18;229;428;199;273;101;2756;867;15;493;529;0;184;6;45;3582;21;42;53;9;244;104;1241;615;270;306;1060;101;83;457;59;244;252;122;288;342;324;962;1339;446;1337;285;1729;42;71;125;71;725;1402;1117;318;716;172;532;725;0;101;692
106;D. JOAQUINA EUSTÁQUIA SIMÕES D'ALJEZUR;Manuel Teixeira Gomes;1941;Short story;136;306;804;133;78;725;13;162;402;178;222;97;2532;796;24;438;506;21;126;5;32;3526;29;83;88;57;280;186;1243;423;160;289;1067;78;81;318;76;379;321;62;190;344;408;1088;1355;263;1457;214;1404;79;154;112;75;765;1422;1138;256;613;196;488;554;0;102;767
107;DA ESCADA;Luísa Costa Gomes;2001;Tale;127;265;588;86;91;709;11;455;491;222;313;99;2988;979;106;681;854;13;205;4;34;4001;58;71;179;28;399;155;979;507;278;466;1319;78;116;532;222;297;252;125;323;479;278;1065;933;675;1712;401;1671;69;101;97;73;737;1815;830;360;964;151;526;1183;2;60;668
108;IMPÉRIO DO AMOR;Luísa Costa Gomes;2001;Tale;164;185;666;84;64;739;17;258;524;254;233;85;2896;807;11;503;562;51;152;2;53;3542;27;68;106;68;265;33;1296;440;270;404;1130;132;115;403;103;298;298;147;387;399;344;918;1343;287;1317;320;1523;55;120;112;73;809;1576;1060;355;742;131;573;798;1;156;680
109;O SÍTIO DA MULHER MORTA;Manuel Teixeira Gomes;1941;Short story;149;293;710;121;88;729;19;310;462;198;275;106;2913;944;11;577;667;11;156;3;49;3947;32;62;88;88;323;278;1251;536;268;431;1278;105;124;441;115;289;314;90;412;357;399;1207;1259;339;1756;241;1550;62;83;120;95;801;1748;964;337;742;168;579;925;1;147;773
110;UMA CENA GREGA;Manuel Teixeira Gomes;1941;Short story;136;313;573;120;46;699;15;239;406;180;261;111;2795;906;16;514;615;10;192;3;46;3655;27;64;62;56;266;112;1247;530;260;295;1064;117;92;468;105;250;259;114;335;352;307;1013;1260;377;1430;250;1536;35;89;114;87;703;1488;1022;303;719;233;504;807;7;93;708
111;A ABÓBADA;Alexandre Herculano;1877;Tale;217;189;591;80;49;684;17;271;419;232;259;66;2579;821;21;508;555;12;153;2;38;3520;28;66;112;26;239;73;1159;429;215;333;1068;79;94;404;77;237;221;93;324;397;328;964;1267;321;1416;226;1343;126;88;143;63;691;1523;892;296;650;201;462;762;7;150;738
112;A DAMA PÉ-DE-CABRA;Alexandre Herculano;1877;Tale;143;227;554;77;37;630;20;307;484;237;247;50;2502;814;27;434;527;73;103;10;33;3449;23;50;150;27;457;140;1101;417;197;297;904;127;103;304;147;207;227;113;280;340;337;1044;1084;430;1388;217;1177;120;73;43;113;660;1661;794;357;600;200;444;854;3;83;751
113;A Harpa do Crente;Alexandre Herculano;1838;Poetry;86;120;817;147;70;627;31;146;392;201;117;39;1474;449;51;284;289;20;149;1;29;2361;14;67;117;22;232;95;700;373;103;172;764;82;39;276;42;435;202;55;128;361;364;935;812;208;1138;103;1071;193;188;86;86;608;1197;797;186;364;168;259;410;5;54;749
114;A MORTE DO LIDADOR;Alexandre Herculano;1877;Tale;128;189;594;175;40;802;6;196;423;248;198;46;2436;745;30;379;421;11;160;2;17;3444;15;84;122;34;202;27;1330;509;206;208;930;110;63;436;55;341;219;158;318;427;238;971;1345;269;1270;221;1309;93;97;120;70;691;1375;987;280;526;278;404;682;6;42;810
115;Eurico o Presbítero;Alexandre Herculano;1844;Novel;118;195;734;174;84;790;16;192;427;216;219;64;2310;768;33;449;488;29;132;2;34;3370;31;60;101;21;235;59;1032;429;206;246;1025;65;68;339;57;391;231;92;258;361;305;1070;1225;276;1444;199;1324;139;124;107;88;718;1528;986;268;614;302;428;605;4;72;852
116;DE JERSEY A GRANVILLE (1831);ALEXANDRE HERCULANO;1851;Novel;98;191;631;106;72;799;28;236;410;225;260;81;2588;816;19;443;495;11;137;8;27;3528;39;58;133;22;189;54;1170;436;200;312;1008;104;88;320;68;324;248;182;260;374;281;952;1328;307;1345;289;1399;98;116;105;76;676;1399;1153;265;682;239;427;655;28;104;756
117;O Bobo;Alexandre Herculano;1843;Novel;167;191;768;175;85;785;16;214;430;225;245;74;2587;810;29;481;539;22;142;3;50;3562;39;63;115;32;280;69;1149;396;216;310;1110;78;80;358;67;376;239;111;307;373;361;1080;1274;281;1500;244;1313;101;104;106;83;783;1644;953;291;678;244;448;691;3;89;856
118;TRÊS MESES EM CALECUT;ALEXANDRE HERCULANO;1851;Chronicle;165;201;501;101;35;725;8;255;351;204;229;67;2707;818;8;525;557;6;122;1;49;3632;40;34;109;32;188;47;1229;529;254;348;1070;84;100;494;61;217;225;115;422;331;262;969;1292;283;1463;233;1678;109;66;98;67;657;1601;1158;316;719;269;519;845;28;130;760
119;URIEL;Maria Teresa Horta;2014;Tale;149;214;920;159;154;647;5;70;617;333;303;75;2154;622;15;363;323;0;229;0;30;3458;15;104;40;25;289;438;1080;458;194;274;836;90;35;308;25;527;378;15;65;438;348;1711;1303;353;1960;70;1244;50;169;154;139;587;1731;1100;239;408;109;343;498;5;70;1219
120;LEÃO VELHO;Lídia Jorge;2004;Tale;121;321;566;126;44;789;18;386;464;239;254;97;2724;783;27;530;618;8;144;1;50;3699;40;49;130;34;285;26;1056;601;268;404;1176;99;137;509;123;269;281;179;405;415;283;977;1241;368;1409;325;1741;19;100;134;85;811;1576;1026;336;712;184;541;1005;10;95;734
121;MARIDO;Lídia Jorge;1997;Tale;143;272;532;72;54;822;25;238;535;290;324;75;2365;659;7;403;415;2;213;2;77;3394;41;72;152;134;238;7;1035;573;215;292;1119;104;91;440;134;238;331;197;181;514;281;1019;1294;451;1359;211;1527;63;97;165;91;924;1584;1146;283;505;197;460;809;0;100;813
122;A CAMPONESA, A ÉGUA E O CAVALEIRO;Nuno Júdice;2003;Tale;200;308;718;92;56;810;5;231;466;302;292;46;3004;1092;10;774;764;15;200;5;67;4193;26;62;113;46;287;138;1292;451;246;461;1548;149;97;528;159;297;333;51;395;420;395;1374;1425;338;2030;297;1630;87;108;108;41;1123;2009;1143;282;815;272;569;887;0;82;989
123;O AZAR DOS TÁVORAS;Nuno Júdice;2003;Tale;198;299;658;101;67;883;7;295;406;272;339;60;3072;1081;7;752;799;10;185;3;77;4176;30;40;94;44;289;104;1195;507;326;430;1611;131;161;594;154;285;326;70;420;379;356;1313;1339;366;1977;342;1732;94;94;94;47;1141;1991;1101;319;879;211;591;947;0;70;984
124;NAUFRÁGIO DA MEDUSA;Versão de MAXIMIANO LEMOS JÚNIOR;189?;Novel;146;156;624;139;89;775;22;348;431;252;256;84;2794;828;25;531;534;4;144;0;44;3675;53;76;49;28;175;58;1240;486;332;391;1029;53;157;535;54;364;289;260;468;297;234;961;1260;204;1313;282;1751;86;157;96;31;719;1396;1187;274;739;197;516;827;22;101;691
125;A SOMBRA;Mário Henrique Leiria;1973;Tale;145;261;667;48;39;744;19;193;425;174;222;97;2531;570;0;367;396;0;193;0;48;3005;19;97;48;106;203;0;1208;676;203;338;995;116;48;580;39;213;290;184;309;386;406;705;1179;300;1053;406;1797;68;87;145;39;725;1130;1246;271;696;48;599;763;0;106;560
126;A TERRA FORA DO SÍTIO;MARIA GABRIELA LLANSOL;1962;Chronicle;102;151;490;71;34;854;6;93;570;373;154;77;2254;620;15;311;398;3;210;0;52;3077;6;71;59;80;225;28;1082;401;228;244;866;59;62;281;52;228;281;114;278;484;234;1104;1270;191;1261;237;1196;31;102;188;65;805;1391;1104;253;580;355;435;466;0;62;922
127;Negritude e Humanismo;Alfredo Margarido;1964;Essay;247;216;597;75;55;778;46;302;336;132;319;129;2845;761;15;527;599;19;95;0;62;3444;57;78;51;22;284;2;1085;303;234;387;1088;105;118;277;86;215;276;74;116;323;326;852;1342;509;1326;318;1344;43;55;116;75;723;1519;891;426;763;232;381;742;2;292;712
128;AILERON;Fernando Cabral Martins;2003;Tale;91;248;579;83;58;959;8;281;538;380;405;132;3333;1017;17;562;637;8;256;0;8;3912;33;66;116;33;223;41;1365;612;397;521;1398;124;149;596;165;281;331;108;579;604;289;1117;1175;248;1704;356;1629;0;116;149;83;902;1712;1216;331;860;232;587;1017;0;74;860
129;HISTÓRIA DA CIVILIZAÇAO IBÉRICA;OLIVEIRA MARTINS;1879;Essay;177;195;630;106;42;819;19;213;283;135;271;77;2405;717;19;377;457;7;79;0;19;3179;30;39;37;15;208;1;1084;352;185;302;929;49;89;253;71;240;292;101;158;182;344;890;1279;315;1197;247;1284;135;68;49;64;669;1325;902;263;567;257;467;542;6;183;764
130;PORTUGAL CONTEMPORÂNEO I;OLIVEIRA MARTINS;1881;Essay;165;176;715;156;60;841;12;213;309;136;227;83;2505;685;19;405;460;13;94;0;26;3219;34;47;59;18;241;10;1157;367;239;297;977;59;114;329;88;333;300;113;271;235;350;934;1291;238;1237;246;1255;97;100;69;57;728;1381;924;275;571;239;479;596;2;170;791
131;PORTUGAL CONTEMPORÂNEO II;OLIVEIRA MARTINS;1881;Essay;167;178;677;134;50;811;16;218;304;144;234;80;2435;665;20;391;458;9;85;0;29;3135;35;44;69;16;228;8;1099;344;225;305;963;55;119;279;88;301;295;102;242;230;341;920;1247;261;1207;241;1189;93;95;62;61;746;1360;870;269;557;223;462;583;5;194;773
132;TEMPO A PERDER;Fernando Cabral Martins;2004;Tale;93;224;700;84;75;840;19;308;532;308;261;121;2882;784;0;550;588;0;196;0;56;3918;28;121;168;103;299;149;1269;420;187;271;1101;103;131;457;187;252;299;93;252;504;401;1035;1437;280;1521;326;1530;131;121;149;47;681;1567;1082;364;756;243;420;756;19;112;737
133;EPANÁFORA AMOROSA;D. FRANCISCO MANUEL DE MELO;1660;Tale;205;274;822;114;84;682;21;322;378;157;367;90;3051;1067;19;684;753;20;105;1;60;3989;44;54;72;22;300;41;1256;440;213;388;1309;67;98;392;109;338;275;55;290;292;465;1145;1329;427;1756;243;1441;90;139;82;90;792;1851;978;326;812;299;532;863;13;160;873
134;PERSEGUIÇÃO NO MAR;NUN'ÁLVARES DE MENDONÇA;1985;Memoirs;208;304;479;63;70;742;17;406;421;244;324;89;2837;752;13;492;572;3;150;3;37;3657;44;45;69;19;194;63;1234;569;329;385;1126;80;131;634;95;220;343;113;399;367;253;959;1367;411;1341;318;1908;34;74;106;75;803;1368;1306;270;641;122;585;1020;22;71;704
135;A CHEGADA;José Rodrigues Miguéis;2002;Tale;139;268;687;124;71;689;16;216;403;159;242;87;2512;695;18;340;477;21;106;0;49;3274;28;60;55;62;264;17;1123;432;164;311;1044;90;94;318;98;309;265;124;252;275;341;853;1196;227;1238;286;1316;61;93;91;102;802;1366;912;249;632;145;498;620;2;149;662
136;GENTE DA TERCEIRA CLASSE;JOSÉ RODRIGUES MIGUÉIS;1962;Chronicle;117;216;646;112;72;753;30;249;496;246;214;55;2518;767;11;394;464;23;181;5;47;3337;26;85;78;33;291;81;1170;391;235;331;967;93;115;388;113;331;286;123;189;375;301;954;1188;410;1277;268;1277;48;129;107;70;728;1378;1013;281;625;216;392;681;1;107;719
137;O PESCADOR URASHIMA;VENCESLAU DE MORAES;19??;Chronicle;138;263;689;60;66;782;25;222;532;238;263;81;2513;790;16;471;499;33;148;5;52;3469;32;93;89;57;302;78;1141;491;160;319;1131;126;66;373;81;247;274;122;222;329;402;1089;1168;340;1502;263;1373;93;98;95;85;828;1600;935;331;615;261;450;696;3;120;845
138;O VIÚVO;DAVID MOURÃO-FERREIRA;1974;Tale;94;267;465;45;26;661;32;270;334;167;196;104;2287;481;10;413;458;32;134;6;40;3070;24;38;123;62;247;128;923;430;170;346;1008;77;87;330;83;149;283;114;280;344;289;939;1115;322;1283;300;1307;33;51;100;51;698;1338;856;238;629;69;501;718;7;87;655
139;A CASA FECHADA;Vitorino Nemésio;1971;Short story;103;218;501;69;53;804;23;216;549;276;217;76;2546;637;11;385;439;23;200;6;58;3350;19;83;101;128;228;29;1164;509;230;316;957;83;96;425;80;218;274;160;350;459;271;862;1344;317;1174;351;1413;32;81;147;108;699;1334;1044;309;663;166;466;783;1;83;688
140;CABEÇA DE BOGA;Vitorino Nemésio;1924;Tale;85;193;449;43;48;864;11;222;506;267;219;45;2344;688;14;389;423;99;188;0;20;3311;9;60;105;57;205;153;1100;378;278;293;1105;108;102;384;57;224;298;136;389;404;227;1080;1230;259;1387;278;1330;28;105;108;91;824;1486;972;318;574;97;443;708;3;91;781
141;O NAVIO PIRATA;VITORINO NEMÉSIO;1949;Tale;81;217;453;72;49;684;18;215;435;219;214;50;2258;659;14;373;405;53;148;4;33;3134;22;49;77;60;232;71;1087;373;187;266;910;90;111;367;60;229;253;130;178;351;229;817;1270;367;1112;266;1223;64;64;99;75;663;1250;926;256;563;116;350;632;5;86;612
142;PRIMEIRO CORSO;VITORINO NEMÉSIO;1956;Chronicle;105;204;484;59;39;719;27;194;369;163;188;63;2396;753;11;343;421;16;114;5;34;3330;12;59;55;63;203;73;1240;373;177;250;877;76;69;271;64;190;256;113;123;286;282;834;1350;389;1161;251;1241;50;76;117;74;592;1179;987;247;570;198;348;541;8;96;666
143;A ÚLTIMA VIAGEM DA NAU DA ÍNDIA;JOÃO BRAZ DE OLIVEIRA;1970;Novel;116;135;477;103;34;841;9;197;275;122;195;59;2624;731;16;376;374;0;97;0;12;3404;26;66;31;19;166;0;1461;477;302;256;1026;63;106;448;43;244;377;98;300;247;223;960;1615;244;1194;175;1490;69;84;97;44;819;1267;1203;232;474;162;495;573;0;123;802
144;A HOLANDA;RAMALHO ORTIGÃO;1883;Chronicle;135;159;589;75;37;765;23;180;395;173;226;71;2544;672;14;305;358;17;118;1;40;3390;17;47;46;78;229;44;1320;380;194;267;825;115;107;250;53;200;243;166;118;289;358;810;1530;355;1100;325;1269;87;58;119;69;592;1207;1006;288;574;224;397;501;2;219;666
145;A PRIMEIRA TEMPESTADE;Ramalho Ortigão;1915;Tale;134;197;670;100;68;728;22;292;513;208;228;46;2485;654;7;452;478;23;124;5;55;3670;28;69;109;36;330;404;1029;375;234;359;1022;113;134;342;92;277;257;123;284;350;374;1256;1167;369;1707;300;1253;69;84;100;96;628;1561;936;325;646;199;450;782;16;115;727
146;AS FARPAS I;RAMALHO ORTIGÃO;1871;Chronicle;134;151;586;77;36;789;30;206;415;197;217;71;2513;690;14;332;393;19;112;2;38;3439;17;57;58;63;227;35;1259;380;214;272;886;127;120;279;72;212;250;135;140;285;353;884;1483;369;1194;308;1282;66;68;103;62;638;1306;1001;276;576;247;428;541;4;197;740
147;AS FARPAS II;RAMALHO ORTIGÃO;1871;Chronicle;139;179;677;93;48;724;25;209;344;169;233;80;2507;776;20;380;431;18;92;2;30;3430;25;48;58;33;248;66;1257;334;174;281;919;73;99;214;69;239;259;111;119;220;403;912;1459;333;1253;271;1137;86;66;64;76;665;1351;888;285;582;255;428;512;3;240;728
148;ELE E ELA;Ramalho Ortigão;1915;Tale;107;217;785;94;43;862;23;287;618;344;261;53;2897;879;23;444;461;7;147;3;67;4013;37;37;84;20;347;274;1393;438;261;354;1176;67;134;368;53;221;314;194;247;404;551;1220;1480;424;1654;361;1360;94;80;140;160;849;1607;1049;378;692;160;478;768;13;90;809
149;O MAR;RAMALHO ORTIGÃO;1876;Script;130;175;635;97;44;878;22;267;585;297;234;62;2456;752;24;408;424;23;134;0;23;3375;15;82;43;27;257;13;1067;381;233;375;1071;66;99;282;57;281;246;133;110;299;320;1056;1215;481;1457;348;1244;44;105;127;106;772;1529;1019;323;647;320;357;627;8;139;884
150;O MARINHEIRO;FERNANDO PESSOA;1913;Drama;82;288;430;50;89;583;30;536;494;299;257;169;2802;876;33;667;752;40;169;51;9;3750;64;78;275;35;309;298;822;447;248;512;1192;143;141;349;183;219;173;89;278;603;194;981;786;705;1707;329;1456;71;95;166;71;510;1598;748;288;917;125;433;1158;30;33;524
151;PEREGRINAÇÃO;FERNÃO MENDES PINTO;1614;Chronicle;156;340;606;127;49;645;5;390;431;206;398;98;3487;1276;18;815;830;8;167;3;46;4769;55;57;94;21;300;56;1577;503;266;338;1402;53;112;529;97;299;234;188;461;327;291;1062;1507;318;1846;269;1670;80;104;84;104;703;1900;1072;364;925;331;555;1002;9;93;778
152;PEREGRINAÇÃO;FERNÃO MENDES PINTO;1614;Chronicle;173;322;553;62;25;609;9;348;388;194;401;71;3264;1178;9;739;750;26;148;3;48;4588;38;43;116;26;351;154;1438;553;253;357;1435;46;129;495;92;201;239;180;454;345;324;1021;1440;380;1836;260;1754;80;91;81;94;719;1854;1137;397;894;175;555;1007;26;120;694
153;L;Jacinto Lucas Pires;2014;Tale;92;417;569;42;42;692;73;420;464;249;328;121;3110;970;8;443;708;52;142;31;37;4014;24;29;170;79;307;239;1193;629;236;420;1038;115;102;496;170;239;197;212;212;574;315;873;1051;763;1411;430;1765;31;115;249;110;537;1274;983;412;907;89;517;1088;3;68;482
154;VIAGEM À ILHA DE SATANÁS;JOSÉ CARDOSO PIRES;1997;Novel;103;235;480;80;35;717;17;177;394;193;271;85;2843;837;7;438;509;16;120;1;13;3423;13;46;109;13;175;4;1422;424;183;404;1100;96;88;316;59;198;332;115;267;349;262;884;1494;271;1271;273;1354;136;62;120;95;770;1347;1153;344;668;147;411;658;5;108;663
155;CIVILIZAÇÃO;Eça de Queirós;1900;Tale;101;204;601;55;51;794;14;138;454;180;186;70;2310;650;6;310;328;9;157;2;39;3193;18;84;55;113;229;63;1160;461;204;227;810;111;62;261;49;228;186;162;220;349;344;821;1214;230;1154;308;1223;69;90;118;78;560;1214;930;226;550;263;446;470;9;128;687
156;FREI GENEBRO;Eça de Queirós;1900;Tale;71;210;709;83;50;902;28;106;600;291;241;54;2454;751;54;404;425;33;229;5;33;3316;14;47;38;28;265;38;1157;560;203;220;985;97;78;357;54;269;269;158;243;409;411;1018;1273;286;1396;357;1318;142;123;123;123;768;1460;1046;298;673;338;477;548;0;45;890
157;JOSÉ MATIAS;Eça de Queirós;1900;Tale;94;255;833;84;103;724;26;81;436;179;167;87;2144;632;46;316;369;13;134;6;68;3100;12;68;50;88;260;87;997;375;162;235;901;83;67;224;71;307;199;158;189;344;499;845;1152;203;1187;268;1227;95;105;130;96;674;1243;895;229;550;186;515;407;5;65;661
158;NO MOINHO;Eça de Queirós;1900;Tale;131;262;833;100;77;834;13;208;664;328;226;66;2433;632;18;402;420;56;161;0;65;3477;29;129;79;93;305;13;1066;488;205;327;1179;79;106;375;59;380;307;144;321;402;443;1102;1204;240;1520;334;1443;79;169;151;104;976;1633;1060;262;676;305;497;680;2;92;901
159;O DEFUNTO;Eça de Queirós;1900;Tale;128;261;700;118;98;808;9;121;505;276;162;73;2436;760;26;414;424;4;161;1;49;3393;28;73;62;78;268;32;1165;447;221;244;1053;89;60;367;70;346;269;125;225;390;336;988;1250;246;1374;253;1440;132;110;148;97;826;1454;1085;240;612;251;478;551;3;59;815
160;O MIANTONOMAH;EÇA DE QUEIRÓS;1866;Tale;93;147;900;167;128;913;41;234;422;192;215;51;2249;692;39;363;385;6;158;0;32;3269;20;100;48;35;266;4;1019;414;164;250;974;89;150;313;63;442;256;110;74;336;419;996;1134;422;1330;278;1218;90;135;122;70;736;1403;973;221;608;346;333;509;0;140;827
161;O SUAVE MILAGRE!;Eça de Queirós;1900;Tale;116;279;606;105;42;851;18;79;519;169;242;50;2273;682;34;284;308;42;153;0;34;3176;18;79;63;16;324;21;1177;500;155;158;806;74;71;340;32;298;232;129;234;406;308;922;1364;253;1238;240;1309;71;134;137;108;600;1398;1064;300;521;403;458;503;0;42;822
162;Os Maias;Eça de Queirós;1888;Novel;115;242;654;90;69;772;18;227;467;235;198;82;2282;545;16;368;387;28;153;3;47;3196;30;62;114;68;261;46;999;444;195;305;986;88;94;352;71;285;235;152;315;404;351;917;1147;302;1256;304;1309;55;102;136;85;750;1387;897;280;595;189;478;706;3;102;732
163;SINGULARIDADES DE UMA RAPARIGA LOIRA;Eça de Queirós;1900;Tale;138;148;658;96;56;783;12;218;493;282;160;53;2242;623;16;327;316;57;171;4;56;3084;24;72;170;84;284;65;1085;344;188;310;903;89;137;325;41;262;256;152;351;516;374;984;1050;264;1230;287;1211;65;69;165;74;809;1495;869;333;535;244;459;705;2;113;773
164;UM POETA LÍRICO;Eça de Queirós;1900;Tale;124;177;665;82;59;858;16;241;575;287;212;61;2393;632;24;287;345;6;196;2;22;3286;18;67;104;51;206;122;1176;467;173;302;909;110;118;318;45;304;259;194;236;453;336;987;1209;353;1262;326;1280;77;110;139;92;756;1301;934;255;583;228;398;628;0;139;781
165;Odes Modernas;Antero de Quental;1865;Poetry;69;162;685;101;73;705;46;221;469;239;164;63;1916;671;45;396;405;15;185;8;35;2698;16;83;91;25;216;20;857;412;149;249;957;81;68;298;51;358;242;79;97;437;307;912;876;427;1252;164;1218;195;160;174;105;647;1328;879;242;529;194;253;585;7;68;756
166;Primaveras Românticas;Antero de Quental;1872;Poetry;63;148;727;66;54;594;30;236;544;252;153;61;1740;538;57;359;367;21;188;11;75;2537;30;99;106;30;305;178;705;355;140;259;783;127;70;269;72;327;212;70;116;516;372;983;739;428;1276;155;1039;159;196;190;179;524;1322;719;285;450;175;223;639;9;56;689
167;A PELE DO BOMBO;Aquilino Ribeiro;1913;Tale;123;192;525;103;57;824;2;153;497;258;212;37;2186;678;18;338;383;14;205;2;34;3101;9;71;98;37;233;32;1077;461;189;260;1061;98;78;411;94;281;274;103;274;408;228;1095;1125;292;1317;215;1228;57;114;94;87;906;1486;908;260;486;183;440;630;7;91;908
168;O MORGADO DE FRAIÃO;Aquilino Ribeiro;1963;Short story;170;194;544;104;39;720;26;254;440;218;217;67;2491;741;25;446;486;30;135;2;28;3403;28;93;115;33;267;89;1192;371;218;302;993;64;119;337;86;220;265;112;225;336;309;969;1275;387;1320;204;1224;114;77;70;62;705;1463;921;306;554;209;409;698;4;114;745
169;O PÃO-DE-LÓ;Aquilino Ribeiro;1963;Short story;114;184;512;52;32;770;16;210;386;205;224;57;2538;802;15;449;493;38;145;7;40;3386;21;46;119;32;270;79;1224;408;215;301;1034;117;103;309;62;148;281;125;278;361;342;978;1267;278;1323;260;1273;118;52;102;57;756;1467;918;290;655;176;460;630;10;114;743
170;OS LADRÕES DAS ALMAS;Aquilino Ribeiro;1913;Tale;142;176;533;147;40;767;15;183;489;211;219;63;2265;652;40;408;431;85;158;0;42;3108;21;71;94;35;348;28;1037;468;228;249;944;96;119;373;81;299;262;117;299;380;229;926;1142;332;1243;195;1324;114;89;85;80;686;1508;944;352;519;235;437;700;7;67;765
171;O PROFESSOR INTEMERATO E A GAITINHA DO CAPADOR;Aquilino Ribeiro;1963;Short story;152;188;614;88;33;743;20;278;409;182;239;54;2408;708;12;470;535;25;120;4;34;3310;38;58;116;28;295;135;1046;340;207;299;1069;101;94;298;95;208;306;92;220;339;380;1020;1257;408;1386;195;1150;93;43;86;91;775;1464;887;289;593;164;375;713;2;177;766
172;TEM BOM CORPO… TRABALHE!;Aquilino Ribeiro;1963;Short story;136;203;449;60;38;754;21;299;454;225;255;51;2442;702;44;463;530;34;161;4;37;3434;36;62;87;31;271;134;1021;410;282;341;1090;87;161;362;137;211;316;132;322;358;233;1110;1175;410;1470;226;1239;91;84;93;79;827;1595;902;317;581;184;430;842;1;84;832
173;A MULHER QUE APRENDEU A CHORAR;Jaime Rocha;2000;Tale;136;250;601;79;28;993;22;359;802;420;256;85;2689;829;39;577;646;2;181;12;87;3901;32;132;138;71;347;87;926;496;234;374;1369;67;112;463;97;266;270;173;250;496;307;1334;1099;589;1846;390;1507;61;144;175;134;1052;2047;959;368;928;292;496;975;2;140;977
174;HISTÓRIA DE ROSA BRAVA;José Régio;1946;Tale;134;248;882;154;88;763;15;281;503;246;283;89;2730;760;9;510;633;125;137;5;54;3496;40;85;125;43;372;38;1071;378;216;415;1198;83;116;300;144;384;322;97;326;409;463;1119;1117;301;1561;317;1209;56;136;120;105;876;1788;867;417;753;268;463;815;1;107;867
175;CLARA EUGÉNIA E AS METÁFORAS;Amadeu Lopes Sabino;1991;Short story;141;139;685;99;73;811;22;176;322;116;232;78;2535;637;10;355;396;50;103;2;46;3132;15;56;101;53;293;31;1223;419;179;323;947;123;71;315;41;307;293;126;300;302;348;938;1308;252;1190;307;1250;65;83;90;86;751;1421;935;355;642;182;472;643;2;201;753
176;NOS MARES DO FIM DO MUNDO;BERNARDO SANTARENO;1959;Chronicle;102;280;625;133;95;704;28;218;501;247;226;81;1953;536;24;270;321;40;137;3;52;2906;24;81;89;24;332;69;864;392;160;222;885;73;61;307;83;345;193;132;220;348;274;833;963;299;1158;275;1233;64;134;106;82;633;1242;810;308;461;170;443;626;2;58;667
177;CHORO DE CRIANÇA;Jorge de Sena;1971;Tale;85;203;471;53;51;724;13;177;556;299;193;77;2318;819;7;519;600;7;209;3;62;3152;13;79;89;84;255;55;954;507;206;217;1070;60;57;399;101;258;214;143;308;480;197;937;1040;298;1344;294;1479;35;131;175;94;731;1462;1070;285;731;173;416;663;4;74;649
178;A GRÃ-CANÁRIA;JORGE DE SENA;1976;Tale;107;218;505;87;72;761;9;225;519;297;184;64;2603;846;8;493;561;23;179;3;36;3469;18;68;88;69;214;156;1183;476;242;300;1017;66;74;401;93;249;257;127;382;395;237;1045;1133;237;1430;300;1611;38;86;112;85;679;1455;1158;276;674;209;549;712;17;84;664
179;HOMENAGEM AO PAPAGAIO VERDE;JORGE DE SENA;1976;Tale;83;205;589;119;85;717;12;144;478;234;233;74;2680;844;15;467;566;108;150;1;24;3606;13;62;95;127;311;339;1209;446;281;308;1070;112;68;373;95;321;250;98;337;381;249;1162;1225;258;1596;276;1537;22;112;118;88;707;1549;1140;295;658;177;541;633;2;81;668
180;AS ITES E O REGULAMENTO;Jorge de Sena;1971;Tale;102;184;503;84;62;730;17;226;486;264;205;78;2723;795;7;444;529;4;168;5;36;3559;26;108;87;82;236;199;1192;428;246;329;979;78;104;355;105;265;267;127;355;390;220;915;1356;247;1344;343;1462;47;100;148;64;607;1282;1102;293;705;148;526;673;4;121;593
181;SUPER FLUMINA BABYLONIS;Jorge de Sena;1978;Tale;152;319;710;105;60;775;21;408;539;241;312;99;3269;1228;18;772;908;34;142;6;68;4378;49;83;173;28;429;123;1156;426;293;424;1487;97;141;356;215;298;272;89;392;448;393;1186;1113;477;1978;316;1500;112;136;108;159;829;2164;871;432;953;186;596;1007;5;120;871
182;Guerras do Alecrim e Manjerona;António José da Silva;1737;Drama;114;206;601;96;48;460;31;395;342;159;196;49;2111;703;23;556;625;40;118;14;69;3037;35;76;99;37;275;247;737;304;198;288;977;49;96;341;122;231;171;55;126;324;361;950;714;643;1452;165;995;77;79;88;75;524;1428;546;239;622;97;327;868;8;62;562
183;O MAR NÃO TEM CANCELAS;JOAQUIM PEDRO CELESTINO SOARES;1941;Novel;168;221;525;129;58;790;9;293;348;177;252;94;2756;837;13;471;547;5;144;2;17;3671;44;58;85;24;198;26;1286;454;281;301;1225;64;106;477;100;273;339;144;257;313;242;1043;1283;468;1436;239;1478;74;84;84;58;889;1485;1083;326;596;146;500;789;13;126;817
184;O MEDO DE GEORGE STEINER;Gonçalo M. Tavares;2004;Tale;147;401;538;156;98;890;29;264;450;186;371;147;2845;811;20;469;645;0;88;0;68;3803;39;39;98;78;293;0;870;489;215;342;1193;137;78;313;205;283;186;235;244;381;264;821;1134;489;1398;479;1535;29;59;108;156;762;1496;938;342;870;196;538;841;0;274;684
185;O VASO;Gonçalo M. Tavares;2005;Tale;254;269;746;134;179;597;15;343;478;269;209;90;2687;821;15;567;955;0;403;0;30;3373;15;0;104;45;284;30;881;522;269;313;1164;224;90;687;328;403;254;194;328;552;343;970;761;463;1373;224;1612;15;90;30;75;851;1403;985;209;791;119;493;940;0;75;507
186;TENTAR NÃO MORRER;Gonçalo M. Tavares;2005;Tale;67;282;470;40;67;792;13;255;832;604;268;94;2497;550;0;416;644;0;40;0;27;3114;13;81;107;40;255;40;805;268;255;658;1221;94;40;430;188;161;349;67;523;765;336;1114;1020;228;1450;188;1450;134;54;470;40;993;1490;1060;188;550;188;550;819;0;54;832
187;CONFIDÊNCIA BARREIRENSE;Teresa Veiga;2000;Tale;160;260;697;87;80;846;17;339;566;279;290;95;3341;1002;17;594;678;69;163;2;59;4195;48;92;99;77;315;266;1430;510;342;482;1176;113;163;455;120;286;358;167;399;398;387;1172;1464;346;1627;369;1729;43;104;134;100;792;1701;1184;368;873;173;672;911;0;172;743
188;O ROMANCE PERDIDO;Fernando Venâncio;2004;Tale;155;330;672;105;52;754;20;260;337;157;280;115;2515;642;12;362;482;10;132;7;32;3419;20;50;87;35;255;287;1014;437;192;385;952;95;120;420;127;260;217;185;362;355;385;1021;999;290;1384;370;1406;57;87;115;57;619;1274;804;345;654;132;557;779;5;227;587
189;Auto da Barca do Inferno;Gil Vicente;1517;Drama;77;218;420;107;16;364;33;298;251;101;181;26;1502;541;36;362;342;16;101;11;26;2420;19;64;87;20;270;164;709;376;95;206;730;51;50;424;43;178;141;64;162;258;236;698;595;511;1090;121;964;101;53;48;41;359;1105;483;214;403;51;167;819;1;50;468
190;Auto da Alma;Gil Vicente;1518;Drama;113;173;775;121;57;392;21;271;409;153;209;51;1793;618;47;375;383;11;111;4;23;2557;36;90;47;15;245;121;890;353;117;211;733;83;74;364;77;332;187;19;160;251;415;790;716;388;1158;92;965;181;164;70;70;400;1139;545;175;371;124;287;699;6;87;586
191;Auto da Índia;Gil Vicente;1509;Drama;112;207;465;114;27;199;48;293;263;96;141;56;1420;436;24;380;396;19;77;8;45;2277;29;59;72;59;287;226;580;316;85;170;628;93;45;322;90;207;122;53;173;255;253;699;473;484;1080;74;923;66;80;80;96;295;1048;404;173;356;29;210;801;5;8;388
192;Farsa de Inês Pereira;Gil Vicente;1523;Drama;82;185;500;80;20;254;53;229;272;114;159;39;1473;462;15;382;363;35;81;6;75;2186;30;51;117;23;350;250;572;249;126;212;576;59;86;275;89;152;105;21;125;295;345;772;468;394;1083;100;713;79;57;68;73;306;1220;346;230;354;54;177;691;2;63;465
193;A Cidade e a Infância;Luandino Vieira;1960;Tale;114;208;549;71;49;674;11;238;478;234;170;63;2084;574;17;314;377;61;160;3;51;2995;20;74;129;75;279;83;981;436;212;288;878;155;88;408;94;248;236;72;363;474;287;956;1047;311;1246;190;1399;25;107;177;80;663;1386;906;334;397;206;530;733;4;123;719
194;KAPAPA;JOSÉ LUANDINO VIEIRA;1998;Novel;107;198;529;74;40;594;6;227;449;293;142;64;2075;568;35;335;366;25;199;3;10;3208;37;91;99;18;279;291;1031;507;224;266;811;96;86;449;97;291;184;99;302;463;232;988;1127;282;1284;149;1656;69;132;142;34;572;1206;1108;208;373;170;446;689;6;38;608
195;Sermão de St.° António aos Peixes;P.e António Vieira;1654;Allegory;120;263;651;118;38;779;23;388;479;196;344;87;2874;1153;34;656;825;12;142;1;67;4088;53;72;88;17;344;53;1109;451;267;344;1316;60;104;376;166;271;227;74;246;323;363;1187;1048;581;1835;244;1374;94;85;87;129;723;1877;889;380;742;323;390;924;3;72;954
