id;titulo;autor;ano;genero;ADV;C;C-ARG1;C-ARG2;C-ARG3;CARD;CONJ;COORD;D1;DEP;DO;DO-ARG1;DO-ARG2;DO-ARG21;DO-ARG3;DO-EXT;IO-ARG2;IO-ARG3;M;M-ADV;M-ARG1;M-CAU;M-DIR;M-EXT;M-LOC;M-M;M-MNR;M-NULL;M-PNC;M-POV;M-PRED;M-TMP;N;N';OBL-ADV;OBL-ARG1;OBL-ARG2;OBL-ARG3;P;PERCENT;POSS;PRD;PRD-ARG2;PUNCT;QNT;ROOT;S;SJ;SJ-ARG1;SJ-ARG11;SJ-ARG1cp;SJ-ARG2;SJ-ARG2ac;SJ-ARG2cp;SJ-ARGA;SJ-NULL;SP;SP-ARG1;SP-ARG2;SP-M;SP-PRED;V
1;A virtude laureada;Manoel Maria de Barbosa du Bocage;1805;Drama;27;1077;45;129;1;1;455;476;0;1360;52;7;530;1;0;0;1;65;11;355;8;20;8;57;156;57;33;0;6;5;1141;131;502;2;1;124;125;22;8;0;0;77;26;363;0;336;8;0;499;1;25;20;0;5;0;0;1158;69;0;0;1;0
2;Os Pobres;Raul Brandão;1906;Novel;23;1004;80;145;2;1;540;553;0;994;94;8;515;0;0;0;2;71;16;352;0;24;1;85;120;41;41;0;12;9;659;159;55;1;0;141;111;14;16;0;0;170;93;780;1;551;7;0;530;2;37;33;0;9;0;0;1246;54;0;0;1;0
3;Raios de extincta luz;Antero de Quental;1892;Poetry;30;1155;72;135;2;1;467;480;0;1036;54;6;446;0;0;0;0;59;16;327;0;30;1;94;155;59;40;0;8;7;801;143;255;2;0;234;120;14;13;0;0;128;83;614;0;455;5;0;475;2;38;25;0;7;0;0;1261;65;0;0;2;0
4;Dispersão;Mário Sá-Carneiro;1914;Poetry;78;979;78;93;0;3;494;520;0;962;73;6;546;0;0;0;0;90;6;320;0;17;0;102;160;55;55;0;12;12;692;157;139;0;0;154;102;12;26;0;0;148;102;802;3;625;9;0;520;0;41;23;0;6;0;0;831;41;0;0;3;0
5;Cantos Sagrados;Manuel de Arriaga;1899;Poetry;21;1351;46;130;1;2;495;515;0;913;46;3;422;0;0;0;1;49;6;302;1;27;1;76;179;50;31;0;10;7;1020;142;206;2;0;292;132;19;23;0;0;96;58;379;0;335;2;0;427;0;30;18;0;4;0;0;1494;114;0;0;1;0
6;A Pavorosa Illusão;Manuel Maria Barbosa du Bocage;1837;Poetry;5;1165;39;135;5;0;411;464;0;1083;77;0;585;0;0;0;0;53;5;455;0;39;5;53;97;48;24;0;0;0;1301;126;271;0;0;203;164;15;15;0;0;48;24;377;0;348;5;0;435;0;29;19;0;5;0;0;1412;97;0;0;0;0
7;A Scena do Odio;José de Almada Negreiros;1915;Poem;12;1391;54;116;0;0;398;406;0;626;23;4;398;0;0;0;0;31;0;406;0;8;0;27;139;19;50;0;8;0;908;131;726;0;0;452;135;8;0;0;0;147;116;638;0;526;0;0;294;0;27;15;0;15;0;0;1128;35;0;0;0;0
8;Aves Migradoras;Fialho d'Almeida;1922;Tale;26;1321;73;131;0;4;474;505;0;1094;69;7;510;0;0;0;1;67;9;390;1;29;1;74;156;76;50;0;10;6;917;141;80;2;0;343;131;28;23;0;0;127;56;439;0;344;6;0;431;1;44;23;0;8;0;0;1381;63;0;0;2;0
9;Canções;António Botto;1921;Poem;20;1037;32;111;0;7;532;564;0;1023;54;0;453;0;0;0;0;45;10;389;0;17;2;87;136;79;40;0;15;7;750;141;139;0;0;193;92;32;12;0;0;136;79;572;0;436;5;0;490;0;25;30;0;5;0;0;1429;161;0;0;0;0
10;A Invenção do Dia Claro;José de Almada Negreiros;1921;Essay;33;1238;92;191;0;10;303;305;0;601;58;24;534;0;0;0;1;52;29;384;0;46;1;99;135;18;58;0;34;5;495;223;280;1;0;162;129;7;60;0;1;246;85;646;5;619;2;0;527;7;60;43;0;9;0;0;1363;84;0;0;0;0
11;Mágoas Amorosas de Elmano;Manuel Maria Barbosa du Bocage;1805;Poetry;15;1171;29;228;0;0;611;626;0;1384;44;15;434;0;0;0;0;74;37;405;7;59;7;88;140;37;15;0;0;0;920;74;449;0;0;155;118;7;22;0;0;81;22;412;0;346;22;0;530;0;15;29;0;0;0;0;957;37;0;0;0;0
12;Elegia;Manuel Maria Barbosa du Bocage;1790;Poetry;12;942;12;71;0;0;389;412;0;1107;12;0;412;0;0;0;12;24;12;294;0;12;0;82;130;82;35;0;0;12;1260;94;506;0;0;153;82;0;0;0;0;71;35;448;0;565;0;0;518;0;0;12;0;0;0;0;1190;82;0;0;0;0
13;Queixumes do Pastor Elmano Contra a Falsidade da Pastora Urselina Egloga;Manuel Maria Barbosa du Bocage;1791;Drama;8;1027;61;165;4;0;425;483;0;1138;57;8;644;0;0;0;0;119;4;399;4;11;0;115;138;80;46;0;11;0;1077;161;376;0;0;88;146;11;4;0;0;123;38;376;0;391;4;0;567;0;38;23;0;8;0;0;1135;126;0;0;0;0
14;Improvisos de Bocage;Manuel Maria Barbosa du Bocage;1805;Poetry;10;1030;40;173;0;7;520;562;0;1261;25;0;466;0;0;0;2;57;10;310;7;12;0;59;146;40;22;0;2;5;899;111;865;2;0;136;102;12;20;0;0;57;10;451;0;429;5;0;438;2;27;12;0;2;0;0;1038;77;0;0;2;0
15;A Morte de D. Ignez;Manuel Maria Barbosa du Bocage;1824;Poetry;10;1167;48;84;0;0;479;466;0;1050;64;3;390;0;0;0;0;64;5;262;5;18;8;41;173;54;28;0;10;3;999;138;668;3;3;229;117;8;8;0;0;87;5;510;3;499;10;0;425;0;41;51;0;20;0;0;1073;36;0;0;0;0
16;K4 O Quadrado Azul;José de Almada Negreiros;1917;Other;36;1573;76;178;0;5;321;332;0;317;120;12;498;0;0;0;2;79;16;347;0;37;4;152;207;40;59;0;21;5;986;200;217;0;0;469;137;14;27;0;0;133;91;359;0;347;1;0;504;2;44;24;0;9;0;0;1514;120;0;0;0;0
17;As theocracias litterarias;Teófilo Braga;1865;Chronicle;23;1363;59;143;3;3;386;377;0;764;120;9;518;0;0;0;0;41;20;395;0;26;0;67;108;61;41;0;12;12;778;138;260;0;0;410;173;12;26;0;0;140;129;322;3;325;6;0;571;0;47;20;3;9;0;0;1615;85;0;0;0;0
18;Paisagens da China e do Japão;Wenceslau de Moraes;1906;Tale;26;1348;58;144;1;8;600;608;0;1233;95;8;471;0;0;0;1;73;14;373;0;30;2;86;170;74;59;0;13;8;891;156;45;2;0;316;143;34;17;0;0;117;66;310;0;200;6;0;437;1;35;24;0;5;0;0;1438;62;1;0;1;0
19;Villa Nova de Gaia;João Vaz;1868;Novel;18;1300;125;205;1;2;571;551;0;1177;68;8;591;0;0;0;2;74;15;366;0;58;7;51;152;87;72;0;7;6;828;191;335;2;0;159;125;16;8;0;0;207;51;226;0;210;8;0;561;3;49;50;1;15;0;0;1034;92;2;0;0;0
20;Viriatho;Teófilo Braga;1904;Novel;16;1437;70;148;0;9;462;450;0;860;92;4;513;0;0;0;1;60;11;356;0;28;3;56;146;85;45;0;19;8;826;147;176;1;0;377;162;40;25;0;0;157;63;351;1;289;4;0;471;1;41;40;0;11;0;0;1501;73;0;0;1;0
21;VIAGEM PARA DELOS E MYCONOS;RUBEN A.;1963;Tale;24;1683;49;135;1;3;402;410;0;474;105;19;454;0;0;0;1;76;12;291;0;15;3;97;228;24;53;0;24;1;874;152;63;0;0;497;233;37;31;0;0;157;79;354;4;358;8;0;450;1;32;29;0;12;0;0;1610;72;0;0;3;0
22;ARQUIMORTES;Augusto Abelaira;2003;Tale;54;1486;73;170;7;44;455;426;0;1016;54;19;548;0;0;0;0;105;12;582;0;32;0;114;173;61;73;0;17;17;740;285;149;0;0;195;161;34;41;10;5;149;63;290;0;183;5;0;453;0;56;39;0;5;0;0;1378;58;0;0;0;0
23;A CORTE DO NORTE;Agustina Bessa-Luís;1987;Novel;27;1588;69;167;1;3;435;422;0;635;87;19;452;0;0;0;1;67;13;425;0;32;1;99;184;35;54;0;18;7;689;139;174;0;0;381;193;21;30;0;5;171;95;376;1;366;4;0;540;1;43;29;0;8;0;0;1465;73;0;0;1;0
24;A SIBILA;AGUSTINA BESSA-LUÍS;1954;Novel;19;1495;62;151;1;3;509;511;0;916;96;15;492;0;0;0;2;81;16;429;1;34;2;127;161;68;62;0;16;9;737;166;42;0;0;354;173;34;28;0;3;146;63;333;1;278;6;0;505;1;39;26;0;5;0;0;1422;91;1;0;1;0
25;O CHAPÉU DAS FITAS A VOAR;AGUSTINA BESSA-LUÍS;2008;Tale;26;1392;92;183;2;3;510;502;0;511;91;21;542;0;0;0;2;79;11;417;0;43;1;128;149;25;63;0;19;7;479;170;124;0;0;246;187;15;27;0;1;229;114;574;3;507;6;0;586;1;53;30;0;7;0;0;1263;47;0;0;0;0
26;DICIONÁRIO IMPERFEITO;AGUSTINA BESSA-LUÍS;2008;Anthology;28;1428;72;161;1;2;456;444;0;590;88;31;418;0;0;0;1;49;16;439;0;36;1;112;156;30;54;0;16;9;694;134;61;0;0;341;169;13;29;1;3;188;142;455;1;427;7;0;548;2;42;30;0;10;0;0;1541;69;0;0;0;0
27;EMBARQUE EM BRINDISI;AGUSTINA BESSA-LUÍS;1971;Tale;26;1410;60;103;0;3;527;537;0;733;99;11;470;0;0;0;1;39;7;484;0;24;0;73;180;60;66;0;10;4;757;112;62;0;0;346;168;22;26;0;7;158;95;410;1;404;7;0;536;3;33;20;0;3;0;0;1428;65;0;0;0;0
28;LONGOS DIAS TÊM CEM ANOS;AGUSTINA BESSA-LUÍS;1982;Narrative;27;1422;67;150;1;3;479;468;0;703;73;31;424;0;0;0;1;52;16;406;0;34;2;90;192;25;52;0;12;8;652;121;286;0;0;312;152;14;28;0;3;168;110;453;1;404;8;0;511;0;38;30;0;10;0;0;1485;66;0;0;0;0
29;OS AMANTES APROVADOS;Agustina Bessa-Luís;1971;Tale;37;1537;69;170;2;7;492;497;0;876;94;30;451;2;0;0;5;55;28;416;0;41;0;136;225;62;83;0;16;2;759;166;37;0;0;350;159;23;21;0;5;122;55;315;0;281;0;0;536;2;25;23;0;2;0;0;1410;67;2;0;2;0
30;O GALEÃO ENXOBREGAS;FRANCISCO MARIA BORDALO;1880-1881;Novel;37;1584;70;106;1;8;475;451;0;756;105;13;430;0;0;0;1;66;20;424;1;31;5;97;155;65;58;0;22;7;654;192;232;0;0;396;226;40;37;0;0;122;55;297;1;288;5;0;429;1;46;34;0;6;0;0;1595;70;1;0;1;0
31;HISTÓRIA DO ROMANTISMO EM PORTUGAL I;TEÓFILO BRAGA;1880;Essay;15;1531;58;125;1;4;447;444;0;682;82;11;424;0;0;0;1;53;19;347;0;31;1;70;179;45;41;0;14;8;879;140;324;1;0;409;199;22;32;0;0;127;71;327;2;275;5;0;448;1;38;35;0;10;0;0;1656;80;0;0;2;0
32;HISTÓRIA DO ROMANTISMO EM PORTUGAL II;TEÓFILO BRAGA;1880;Essay;17;1511;62;124;1;7;446;449;0;704;85;12;423;0;0;0;1;56;14;358;1;30;1;73;170;48;50;0;15;9;864;141;375;1;0;417;184;23;26;0;1;121;71;346;1;275;4;0;439;1;42;29;0;8;0;0;1601;71;0;0;1;0
33;O DESTINO VIAJA A BORDO;MARIA ONDINA BRAGA;1982;Tale;37;1341;78;127;7;0;365;351;0;590;115;13;433;0;0;0;0;98;8;385;0;28;0;72;142;27;37;0;14;8;457;154;69;0;0;270;178;11;33;0;0;117;62;885;1;769;1;0;450;0;30;16;0;7;0;0;1387;64;0;0;0;0
34;A Queda dum Anjo;Camilo Castelo Branco;1865;Novel;16;1466;77;181;1;10;445;448;0;733;86;15;540;0;0;0;1;119;7;411;1;31;1;72;151;48;57;0;13;7;639;149;232;0;0;370;187;21;21;0;0;139;83;483;1;346;6;0;509;3;49;24;0;7;0;0;1373;73;0;0;1;0
35;Amor de Perdição;Camilo Castelo Branco;1862;Short story;15;1396;83;198;2;6;452;453;0;794;81;20;608;0;0;0;1;137;9;426;1;42;1;62;140;47;61;0;15;8;498;165;149;0;0;292;194;20;24;0;0;156;81;538;1;343;6;0;547;2;55;24;0;9;0;0;1358;140;1;0;1;0
36;GRACEJOS QUE MATAM;Camilo Castelo Branco;1875;Short story;6;1391;56;137;2;16;461;470;0;731;82;17;570;1;0;0;2;107;6;351;0;38;1;61;179;50;54;0;8;2;598;141;291;0;0;375;176;27;25;0;0;132;70;572;1;367;2;0;478;2;37;24;1;8;0;0;1447;69;1;0;0;0
37;MARIA MOISÉS;Camilo Castelo Branco;1876/77;Short story;14;1390;61;189;1;17;487;498;0;758;72;23;571;0;0;0;1;118;9;392;0;38;1;60;166;59;55;0;13;8;527;179;235;0;0;319;171;20;26;0;0;147;99;531;0;331;7;0;531;2;46;23;0;5;0;0;1390;74;0;0;0;0
38;O COMENDADOR;Camilo Castelo Branco;1877;Short story;14;1426;57;160;3;14;411;427;0;716;93;18;554;0;0;0;1;111;15;342;1;34;3;42;180;50;56;0;13;3;544;165;192;1;0;333;182;24;25;0;0;144;69;541;1;455;3;0;488;1;40;27;0;7;0;0;1510;63;1;0;0;0
39;O DEGREDADO;Camilo Castelo Branco;1876;Short story;17;1521;73;150;0;12;426;434;0;656;81;32;532;0;0;0;0;99;12;373;0;28;2;52;201;63;45;0;16;4;632;159;407;0;0;401;190;30;24;0;0;124;44;420;1;356;4;0;450;1;37;19;1;8;0;0;1443;72;0;0;1;0
40;O FILHO NATURAL;Camilo Castelo Branco;1876;Short story;18;1459;77;162;2;7;453;460;0;678;87;15;563;0;0;0;2;127;7;394;0;42;2;58;173;53;57;0;14;3;581;138;189;0;0;363;177;24;16;0;0;163;82;527;2;376;5;0;492;2;39;25;0;6;0;0;1422;84;1;0;1;0
41;A ILHA AZUL;RAUL BRANDÃO;1927;Novel;34;1430;49;116;1;4;545;556;0;587;80;20;419;0;0;0;2;58;22;323;1;25;3;132;238;44;32;0;19;4;820;174;101;1;0;298;192;26;38;0;0;126;92;429;1;413;5;0;443;1;25;22;1;6;0;0;1616;19;1;0;1;0
42;MULHERES;RAUL BRANDÃO;1923;Chronicle;34;1398;36;95;3;18;567;589;0;617;87;21;398;0;0;0;1;64;12;337;0;18;2;94;215;41;45;0;17;8;673;145;68;1;0;247;191;19;34;0;1;118;73;509;4;500;6;0;480;1;21;23;0;5;0;0;1647;23;0;0;0;0
43;ERA UMA VEZ UMA PRAIA ATLÂNTICA;SOPHIA DE MELLO BREYNER;1996;Chronicle;30;1425;74;182;1;3;564;579;0;453;77;30;486;0;0;0;2;84;15;394;0;28;2;105;152;34;57;0;15;2;525;216;59;0;0;289;170;10;44;0;0;206;71;553;3;532;6;0;411;1;52;38;0;6;0;0;1356;121;0;0;0;0
44;NAUFRÁGIO DE SEPÚLVEDA;BERNARDO GOMES DE BRITO;1735;Novel;14;1553;153;247;2;26;591;549;0;988;92;31;589;0;0;0;2;143;25;382;1;78;2;113;150;65;91;0;27;6;498;229;196;0;0;182;193;35;34;0;0;176;75;171;4;173;11;0;531;2;49;33;0;7;0;0;1228;92;0;0;2;0
45;HISTÓRIA DA LITERATURA;Maria Leonor Carvalhão Buescu;1991;Essay;48;1373;43;104;0;1;611;611;0;1016;67;7;282;0;0;0;1;25;22;356;0;17;1;68;183;44;36;0;8;13;943;119;507;1;0;389;148;20;50;0;3;95;58;287;1;271;4;0;357;0;27;16;0;9;0;0;1449;47;0;0;2;0
46;O COMPADRE RABINO;Brito Camacho;1921;Tale;48;1439;84;188;6;5;399;418;0;822;70;26;548;0;0;0;2;106;16;410;0;45;2;103;149;101;53;0;20;9;705;168;131;0;0;232;188;45;28;0;0;149;89;371;0;328;8;0;447;3;56;26;2;5;0;0;1475;90;0;0;0;0
47;CARTA A EL-REI D. MANUEL SOBRE O ACHAMENTO DO BRASIL;PÊRO VAZ DE CAMINHA;1817;Letter;28;1473;73;198;3;12;583;581;0;959;73;14;486;0;0;0;3;67;13;402;2;41;1;115;160;35;102;0;22;21;464;208;213;2;0;189;160;19;49;0;2;143;56;454;3;415;4;0;453;1;32;33;0;4;0;0;1157;37;1;0;1;0
48;AR DO MAR;JOAQUIM CANAS CARDIM;1982;Novel;42;1710;88;180;6;28;426;387;0;591;97;20;472;0;0;0;0;64;15;387;2;59;4;178;158;94;61;0;37;11;732;211;57;2;0;358;206;33;62;0;0;228;46;242;2;255;4;0;415;0;35;40;0;24;0;0;1578;108;0;0;4;0
49;A PELE DO JUDEU;Mário de Carvalho;1981;Tale;39;1699;70;126;0;3;409;453;0;917;90;31;409;0;0;0;5;72;15;430;0;28;0;121;247;41;51;0;10;10;855;173;39;0;0;425;209;39;41;0;3;108;49;306;3;324;5;0;412;0;36;26;0;8;0;0;1341;23;0;0;0;0
50;A INAUDITA GUERRA DA AVENIDA GAGO COUTINHO;Mário de Carvalho;1983;Tale;57;1692;75;147;0;4;440;444;0;809;114;7;422;0;0;0;4;64;0;436;0;25;4;72;218;43;72;0;25;4;723;175;225;0;0;422;140;21;72;0;0;136;50;315;0;308;4;0;333;0;50;36;0;7;0;0;1492;21;0;0;7;0
51;NOME DE FLOR;Armando Silva Carvalho;2001;Tale;7;1717;74;145;7;4;411;407;0;542;53;18;446;0;0;0;0;106;4;428;0;28;7;71;181;21;85;0;35;11;581;131;35;0;0;361;184;18;74;0;0;92;103;513;0;517;0;0;439;7;35;4;0;14;0;0;1512;57;4;0;0;0
52;O CAPITÃO PASSANHA;MÁRIO DE CARVALHO;1981;Tale;28;1623;50;151;3;2;406;403;0;806;94;13;455;0;0;0;1;92;7;387;2;27;5;94;220;50;71;0;12;7;732;203;44;0;0;392;181;24;46;0;2;150;35;351;2;365;4;0;434;2;37;41;0;14;0;0;1540;34;0;0;2;0
53;O CELACANTO;Mário de Carvalho;2011;Tale;44;1447;81;150;0;5;500;527;0;900;76;22;456;0;0;0;2;121;10;394;0;27;7;101;177;52;62;0;10;2;525;214;84;2;0;246;175;25;32;0;0;200;64;614;2;486;5;0;451;0;42;22;0;7;0;0;1154;17;0;0;0;0
54;QUE TODOS FICASSEM BEM...;Mário de Carvalho;1981;Tale;32;1520;57;167;2;0;346;362;0;863;89;8;515;0;0;0;2;98;11;411;2;30;3;92;197;48;100;0;17;11;689;187;46;0;0;297;180;19;46;0;3;157;41;431;3;445;8;0;443;3;40;37;0;13;0;0;1471;37;0;0;0;0
55;Poesias;António Feliciano de Castilho;18??;Poetry;22;1171;62;131;0;0;492;505;0;935;73;9;488;0;0;0;0;98;12;300;1;28;0;77;168;41;44;0;6;6;770;157;132;0;0;172;185;26;18;0;0;104;63;677;1;455;4;0;487;0;37;12;1;6;0;0;1241;107;1;0;1;1
56;MAR IMPLACÁVEL;JERÓNIMO OSÓRIO DE CASTRO;1957;Novel;53;1571;72;120;2;7;485;485;0;868;128;23;378;0;0;0;5;55;23;404;0;44;4;161;176;83;57;0;20;13;827;217;62;2;0;353;183;37;46;0;2;142;56;249;2;272;6;0;387;2;35;30;0;6;0;0;1527;60;0;0;3;0
57;O SENHOR DOS NAVEGANTES;FERREIRA DE CASTRO;1954;Tale;46;1308;101;173;9;0;420;401;0;837;86;29;545;0;0;0;0;99;31;438;0;39;0;108;134;41;72;0;27;14;423;260;38;0;0;195;144;17;45;0;5;218;87;569;3;522;0;0;550;0;51;26;0;5;0;0;1291;80;0;0;3;0
58;SE TU VIESSES VER-ME HOJE À TARDINHA;Mário Cláudio;2014;Tale;13;1623;39;26;0;0;393;380;0;681;170;0;576;0;0;0;13;79;13;353;0;52;0;105;170;13;26;0;26;0;851;144;196;0;0;471;301;52;65;0;0;26;26;249;0;209;0;0;458;0;39;13;0;0;0;0;1688;26;0;0;0;0
59;A CHOCA;Trindade Coelho;1891;Tale;39;1278;63;178;2;2;438;436;0;1037;92;15;481;0;0;0;1;87;14;439;0;37;1;101;165;67;54;0;10;9;531;213;109;0;0;184;140;28;24;0;1;156;70;786;1;430;8;0;508;1;41;21;0;4;0;0;1252;37;0;0;1;0
60;ABYSSUM ABYSSUM;Trindade Coelho;1891;Tale;47;1322;78;167;0;0;366;384;0;836;96;16;479;0;0;0;2;62;11;370;0;38;2;145;210;54;78;0;20;4;649;274;47;0;0;214;172;31;29;0;0;198;36;763;2;435;4;0;537;0;45;27;0;2;0;0;1278;25;0;0;0;0
61;ANTÓNIO FRALDÃO;Trindade Coelho;1891;Tale;42;1130;58;195;5;0;456;452;0;1128;91;20;568;0;0;0;0;127;22;459;2;27;3;85;148;54;38;0;5;8;403;220;96;0;0;143;127;25;36;0;0;143;76;1004;0;447;14;0;515;2;38;11;0;3;0;0;1103;33;0;0;0;0
62;IDÍLIO RÚSTICO;Trindade Coelho;1891;Tale;38;1406;79;173;0;4;437;433;0;903;113;11;418;0;0;0;0;81;11;403;0;38;2;117;170;87;60;0;6;6;588;209;83;0;0;226;164;45;23;0;0;192;68;654;2;375;9;0;531;0;36;28;0;9;0;0;1353;23;2;0;0;0
63;LUZIA;Trindade Coelho;1891;Tale;31;1236;27;145;0;4;425;459;0;1140;65;19;547;0;0;0;0;130;8;451;0;31;0;88;145;84;61;0;27;4;478;207;279;0;0;195;115;31;50;0;0;142;92;788;0;371;4;0;436;0;38;19;0;8;0;0;1274;27;0;0;0;0
64;MANHÃ BENDITA;Trindade Coelho;1891;Tale;22;1086;76;174;4;0;376;393;0;1068;85;13;425;0;0;0;0;76;18;501;0;18;4;40;125;18;45;0;4;9;353;156;317;0;0;112;148;13;22;0;4;121;89;1261;0;559;0;0;559;4;36;13;0;0;0;0;1059;58;0;0;0;0
65;MANUEL MAÇORES;Trindade Coelho;1891;Tale;44;1148;51;185;5;2;398;368;0;967;74;16;507;0;0;0;5;116;21;393;0;32;5;65;132;60;35;0;9;5;389;266;143;0;0;141;125;30;21;0;0;153;72;972;2;609;14;0;516;0;35;21;0;0;0;0;1159;35;0;0;0;0
66;MARICAS;Trindade Coelho;1891;Tale;45;1340;65;184;10;5;457;437;0;928;69;15;496;0;0;0;0;84;5;457;0;65;0;129;139;40;79;0;20;5;551;238;30;0;0;159;144;15;0;0;0;169;55;908;5;422;5;0;551;0;35;20;0;5;0;0;1156;89;0;0;0;0
67;MÃE!;Trindade Coelho;1891;Tale;63;1536;63;133;0;0;476;447;0;860;144;4;362;4;0;0;0;52;7;403;0;37;0;162;207;107;66;0;11;7;938;151;33;0;0;295;214;63;4;0;0;126;18;355;0;336;7;0;454;0;52;22;0;4;0;0;1407;44;0;0;4;0
68;Os Meus Amores;Trindade Coelho;1891;Tale;40;1289;65;176;2;4;423;424;0;1037;89;16;478;0;0;0;2;92;15;428;0;38;1;100;165;63;55;0;10;8;543;206;121;0;0;192;141;26;25;0;1;154;71;754;1;432;7;0;502;2;43;20;0;4;0;0;1277;37;0;0;0;0
69;PARA A ESCOLA;Trindade Coelho;1891;Tale;15;1122;76;212;0;0;422;422;0;961;88;21;525;0;0;0;3;55;12;491;0;58;0;106;188;70;91;0;3;12;452;224;73;0;0;91;136;24;3;0;0;203;143;922;0;531;15;0;476;3;64;24;0;6;0;0;1083;64;0;0;0;0
70;PRELÚDIOS DE FESTA;Trindade Coelho;1891;Tale;27;1241;68;217;2;11;389;409;0;938;95;25;477;0;0;0;0;70;7;497;0;50;0;77;145;29;45;0;4;5;405;217;208;0;0;152;133;9;27;0;0;172;117;945;0;447;4;0;553;5;63;29;0;4;0;0;1218;25;0;0;0;2
71;SULTÃO;Trindade Coelho;1891;Tale;40;1241;39;177;3;3;397;395;0;1144;71;8;550;0;0;0;5;123;16;392;0;24;3;84;165;106;44;0;10;11;628;184;95;0;0;223;106;31;16;0;0;111;50;783;0;461;6;0;463;2;21;13;0;5;0;0;1291;23;0;0;2;0
72;TERRA MATER;Trindade Coelho;1891;Tale;54;1463;68;147;0;0;517;510;0;1198;79;16;415;0;0;0;5;57;23;435;0;27;0;93;172;66;39;0;9;20;465;191;16;0;0;200;136;23;36;0;2;161;45;526;2;377;9;0;517;0;34;23;0;2;0;0;1431;41;0;0;0;0
73;TIPOS DA TERRA;Trindade Coelho;1891;Tale;32;1211;65;147;1;17;390;402;0;1083;70;29;496;0;0;0;3;86;12;412;0;49;1;71;163;41;59;0;15;3;530;165;230;0;0;175;140;22;25;1;0;159;102;796;4;472;9;0;487;5;41;21;0;5;0;0;1293;17;0;0;0;0
74;VAE VICTIS!;Trindade Coelho;1891;Tale;34;1522;64;178;4;0;442;434;0;1228;140;8;446;0;0;0;0;166;30;423;0;23;0;117;230;79;68;4;4;11;548;212;26;0;0;227;144;26;19;0;0;132;19;427;4;287;4;0;472;0;64;15;0;0;0;0;1424;45;0;0;0;0
75;VAE VICTORIBUS!;Trindade Coelho;1891;Tale;63;1379;89;211;0;0;249;304;0;953;63;8;417;0;0;0;4;122;34;354;0;38;0;148;164;46;30;0;13;13;683;236;126;0;0;295;105;30;51;0;0;160;51;556;0;497;8;0;468;0;42;25;0;0;0;0;1429;38;0;0;0;0
76;ÚLTIMA DÁDIVA;Trindade Coelho;1891;Tale;56;1455;92;201;0;0;383;374;0;860;84;6;492;0;0;0;14;95;6;399;0;45;3;117;140;70;64;0;11;6;631;201;103;0;0;249;187;17;20;0;0;140;70;587;0;385;3;0;536;3;67;6;0;3;0;0;1380;70;0;0;0;0
77;VILEGIATURA;Hélia Correia;2001;Tale;48;1442;65;188;0;0;338;330;0;819;74;14;594;0;0;0;3;105;14;404;0;40;6;100;205;80;71;0;17;11;501;145;11;0;0;279;213;37;20;0;0;162;51;614;3;549;9;0;481;0;26;20;0;9;0;0;1325;46;0;0;0;0
78;UM AMOR DE CÃO;Maria Velho da Costa;2012;Tale;36;1467;124;117;0;0;540;504;0;482;161;29;438;0;0;0;0;80;0;350;0;29;0;109;197;44;66;0;0;22;628;219;0;0;0;314;182;7;80;0;0;168;36;547;0;562;0;0;445;0;36;0;0;7;0;0;1358;7;0;0;0;0
79;Poesia Angolana;Tomaz Vieira da Cruz;1961;Poem;29;1208;56;142;3;0;366;369;0;832;35;11;388;0;0;0;0;35;5;292;0;42;2;115;225;65;43;0;8;3;726;99;206;2;0;251;88;10;24;0;3;128;117;1148;2;417;5;0;482;2;26;13;2;5;0;0;1197;113;0;0;0;0
80;HISTÓRIA DE DOIS PATIFES;Fialho D' Almeida;1881;Tale;29;1570;79;130;0;0;494;478;0;750;74;9;438;0;0;0;2;38;7;303;0;16;2;92;189;108;49;0;2;9;1018;137;36;0;0;474;202;27;49;0;0;117;34;328;0;308;2;0;371;0;52;27;0;0;0;0;1593;49;0;0;2;0
81;OS GATOS;FIALHO DE ALMEIDA;1889-1894;Chronicle;22;1756;45;147;0;7;486;521;0;975;82;23;345;0;0;0;0;53;13;396;2;20;2;78;200;48;47;0;8;13;1023;122;97;0;0;565;178;30;27;0;0;67;45;200;3;208;5;0;345;0;40;13;0;7;0;0;1496;33;2;0;3;0
82;A RUIVA;Fialho D' Almeida;1881;Tale;28;1317;64;121;1;4;458;478;0;806;88;16;503;0;0;0;2;63;7;351;1;20;2;61;175;73;63;0;11;4;805;151;44;0;0;304;145;26;25;0;0;153;59;600;0;531;8;0;467;1;32;23;0;5;0;0;1313;69;0;0;0;0
83;SEMPRE AMIGOS;Fialho d'Almeida;1881;Tale;23;1388;74;120;1;6;412;425;0;628;66;12;512;0;0;0;4;69;12;400;0;21;5;67;167;92;49;0;17;4;742;149;60;0;0;344;144;29;11;0;0;148;69;585;0;523;9;0;479;1;53;25;0;5;0;0;1491;53;0;0;1;0
84;O NAVIO DOS MORTOS;JOAQUIM PAÇO D'ARCOS;1952;Short story;18;1754;80;131;2;3;430;424;0;661;82;13;400;0;0;0;2;72;13;387;0;28;2;91;210;35;49;0;15;7;814;170;154;0;0;448;214;15;29;0;3;116;51;284;1;284;4;0;412;1;52;25;0;8;0;0;1652;68;0;0;3;0
85;MARÉS DE MAR;LUÍSA DACOSTA;1980;Novel;22;1401;80;140;3;13;446;453;0;769;99;20;431;0;0;0;1;72;13;372;0;25;1;80;137;40;49;0;11;4;542;173;73;0;0;297;169;18;26;0;1;149;68;590;1;565;3;0;498;0;45;24;0;9;0;0;1443;59;0;0;1;0
86;O MOLEIRO DE SULA;Júlio Dantas;1954;Tale;35;1598;44;107;1;3;452;467;0;836;102;7;414;0;0;0;1;75;3;338;0;17;4;46;188;63;33;0;14;8;590;161;187;0;0;449;211;29;51;0;0;96;39;425;1;390;3;0;402;1;33;34;0;1;0;0;1612;44;0;0;0;0
87;OS SERENINS DE QUELUZ;Júlio Dantas;1915;Short story;14;1640;21;77;0;0;586;600;0;970;49;21;251;0;0;0;0;21;14;405;0;7;0;49;126;63;49;0;7;7;991;112;412;0;0;523;154;21;35;0;0;77;49;230;0;209;0;0;342;0;21;14;0;0;0;0;1591;21;0;0;0;0
88;A Morgadinha dos Canaviais;Júlio Dinis;1868;Novel;29;1407;95;184;2;2;455;454;0;802;96;22;563;0;0;0;2;109;14;452;0;40;2;109;153;57;69;0;14;9;583;193;93;0;0;266;180;25;28;0;1;158;84;523;1;357;6;0;524;2;57;25;0;7;0;0;1333;57;1;0;2;0
89;As Pupilas do Senhor Reitor;Júlio Dinis;1866;Novel;39;1346;98;203;2;3;433;432;0;890;93;21;567;0;0;0;2;116;13;481;1;41;2;110;134;53;79;0;17;10;513;210;124;0;0;222;159;22;23;0;1;160;87;610;2;404;8;0;530;2;55;22;0;5;0;0;1209;54;0;0;1;0
90;O CANTO DA SEREIA;JÚLIO DINIS;1870;Tale;30;1425;97;184;3;1;369;368;0;632;123;15;514;0;0;0;2;97;15;361;1;41;2;119;166;68;52;0;14;7;727;184;38;1;0;323;178;24;31;0;3;154;73;478;3;447;1;0;521;1;56;28;1;9;0;0;1526;48;0;0;1;0
91;Os Fidalgos da Casa Mourisca;Júlio Dinis;1871;Novel;26;1423;102;205;1;2;419;415;0;679;94;23;598;0;0;0;2;112;12;477;0;44;2;111;149;51;75;0;17;9;545;198;106;0;0;257;178;25;25;0;1;161;88;558;1;397;7;0;552;2;62;22;0;5;0;0;1290;84;0;0;1;0
92;Uma Família Inglesa;Júlio Dinis;1867;Novel;32;1385;97;180;2;2;446;445;0;832;97;22;562;0;0;0;3;103;15;462;1;40;1;114;146;58;67;0;13;6;598;203;116;0;0;264;182;23;26;0;1;157;81;556;2;378;6;0;512;2;58;23;0;7;0;0;1253;51;0;0;2;0
93;A GALINHA;Vergílio Ferreira;1976;Tale;17;1364;83;114;0;21;394;387;0;670;86;35;570;0;0;0;0;86;24;446;0;45;0;86;162;59;38;0;28;0;290;218;31;0;0;169;131;45;35;0;0;225;83;646;0;622;7;0;615;0;55;41;0;21;0;0;1174;259;0;0;0;0
94;UMA ESPLANADA SOBRE O MAR;Vergílio Ferreira;1976;Tale;42;1223;118;245;4;0;407;434;0;378;103;54;585;0;0;0;0;57;0;430;0;34;0;103;130;34;69;0;11;0;355;241;11;0;0;161;145;8;19;0;4;248;76;869;11;747;4;0;560;0;36;42;0;0;0;0;1252;11;0;0;0;0
95;A CAÇADA DO MALHADEIRO;Conde de Ficalho;1903;Short story;12;1326;73;130;0;12;536;548;0;857;61;9;551;0;0;0;9;100;18;288;0;27;0;97;212;70;82;0;12;6;569;254;51;0;0;251;209;36;51;0;0;163;39;469;0;378;6;0;524;3;24;15;0;3;0;0;1502;51;0;0;0;0
96;A MALUCA D´A-DOS-CORVOS (1);Conde de Ficalho;1903;Short story;41;1427;53;104;0;19;422;431;0;901;68;12;451;0;0;0;0;92;12;368;0;19;7;102;211;92;75;0;10;2;768;155;78;0;0;346;165;48;19;0;0;131;48;407;0;371;2;0;451;0;19;36;0;7;0;0;1640;27;0;0;0;2
97;DEZ QUILOS DE TRUTAS;TOMAZ DE FIGUEIREDO;1970;Tale;30;1515;60;154;13;3;503;496;0;834;77;15;373;0;0;0;3;80;13;408;0;23;3;109;110;42;57;0;17;3;522;176;155;0;0;257;172;22;20;0;0;79;47;670;0;622;5;0;323;2;40;12;0;7;0;0;1307;30;0;0;0;0
98;PERFORMANCE;José Martins Garcia;século 20;Tale;31;1283;91;124;1;1;364;373;0;660;91;35;504;0;0;0;2;80;8;336;0;39;1;90;153;40;52;0;8;5;594;156;91;0;0;296;179;17;32;0;0;156;64;761;0;549;2;0;463;0;49;13;0;7;0;0;1510;46;0;0;2;0
99;Camões;Almeida Garrett;1825;Poetry;23;1222;40;132;2;0;451;479;0;876;65;14;465;0;0;0;2;86;5;380;2;30;3;89;156;48;46;0;6;5;1171;158;121;2;0;231;149;12;19;0;0;114;61;498;1;415;4;0;531;0;23;30;0;6;0;0;1275;57;0;0;1;0
100;Folhas Caídas;Almeida Garrett;1853;Poetry;20;1189;78;151;1;2;415;448;0;793;50;17;504;0;0;0;0;63;18;443;2;27;2;110;172;33;52;0;7;6;761;184;123;2;0;146;135;11;16;0;1;156;125;577;1;518;8;0;593;0;56;22;2;4;0;0;1172;81;1;0;2;0
101;Frei Luís de Sousa;Almeida Garrett;1844;Drama;32;1159;82;198;2;1;521;529;0;975;56;33;492;0;0;0;0;71;14;451;1;25;0;99;148;33;54;0;15;10;589;205;241;0;0;161;151;16;21;1;1;156;97;504;0;480;8;0;547;5;61;23;0;6;0;0;1011;139;1;0;1;0
102;Viagens na Minha Terra;Almeida Garrett;1846;Short story;25;1310;80;164;1;3;592;596;0;807;69;25;473;0;0;0;1;76;14;446;1;36;2;121;154;30;60;0;13;6;698;171;121;1;0;265;149;13;20;0;1;157;96;555;2;342;8;0;494;2;40;20;0;6;0;0;1303;83;1;0;2;0
103;A CAMA DE PREGOS;Luísa Costa Gomes;2001;Tale;52;1436;86;149;5;6;417;424;0;682;114;21;546;0;0;0;2;97;19;443;0;29;2;89;161;45;65;0;26;8;521;182;24;2;0;265;203;24;34;0;2;174;86;575;5;513;11;0;479;0;52;24;0;8;0;0;1358;31;0;0;0;0
104;AGOSTO AZUL;M. TEIXEIRA-GOMES;1904;Chronicle;32;1583;60;124;0;4;435;447;0;744;100;11;468;0;0;0;6;91;17;367;0;30;0;86;187;83;51;0;27;13;820;183;37;1;0;418;243;30;30;0;1;121;53;335;1;340;3;0;473;0;18;28;0;7;0;0;1537;35;0;0;0;0
105;UMA COPEJADA DE ATUM;Manuel Teixeira Gomes;1941;Tale;39;1527;48;125;0;0;469;478;0;977;92;9;463;0;0;0;9;89;21;395;0;33;0;98;134;89;48;0;30;15;731;244;36;0;0;353;232;45;24;0;3;137;53;273;0;273;9;0;434;0;24;36;0;9;0;0;1473;42;0;0;0;0
106;D. JOAQUINA EUSTÁQUIA SIMÕES D'ALJEZUR;Manuel Teixeira Gomes;1941;Short story;28;1538;70;130;0;0;438;456;0;742;97;11;428;2;0;0;0;118;15;399;0;32;2;118;183;52;50;0;11;6;843;193;133;0;0;386;198;34;37;0;5;113;49;332;3;319;2;0;464;2;37;26;0;6;0;0;1496;94;0;0;2;0
107;DA ESCADA;Luísa Costa Gomes;2001;Tale;50;1395;114;295;2;17;504;507;0;569;91;34;584;0;0;0;2;71;24;498;0;45;0;103;114;34;47;0;17;6;326;192;19;0;0;162;194;9;39;0;2;211;99;666;2;560;9;0;563;4;67;6;0;9;0;0;1142;41;0;0;2;0
108;IMPÉRIO DO AMOR;Luísa Costa Gomes;2001;Tale;28;1561;83;156;1;12;504;507;0;720;102;16;510;0;0;0;1;104;17;446;0;26;6;94;187;58;64;0;19;8;703;170;70;0;0;310;206;46;32;1;6;167;66;381;1;329;11;0;464;3;48;23;1;2;0;0;1329;35;0;0;2;0
109;O SÍTIO DA MULHER MORTA;Manuel Teixeira Gomes;1941;Short story;20;1480;105;198;0;0;480;460;0;770;87;17;576;0;0;0;4;127;27;442;1;39;2;111;158;60;47;0;18;8;578;217;98;1;0;232;193;33;31;0;1;170;81;378;2;318;4;0;537;0;59;23;0;9;0;0;1366;79;0;0;1;0
110;UMA CENA GREGA;Manuel Teixeira Gomes;1941;Short story;16;1523;71;173;1;3;496;507;0;977;117;19;498;1;0;0;6;105;16;381;0;41;9;92;170;83;61;0;22;7;588;256;136;1;0;291;211;59;37;0;1;137;49;275;3;259;9;0;482;0;25;25;0;1;0;0;1417;34;0;0;0;0
111;A ABÓBADA;Alexandre Herculano;1877;Tale;31;1490;86;171;0;4;469;470;0;880;89;19;509;0;0;0;2;60;9;390;0;32;4;86;169;61;42;0;18;6;733;158;293;0;0;334;181;28;49;0;0;160;65;345;2;252;6;0;476;2;56;42;0;9;0;0;1395;76;1;0;2;0
112;A DAMA PÉ-DE-CABRA;Alexandre Herculano;1877;Tale;33;1318;80;210;3;3;500;517;0;861;60;27;554;0;0;0;3;90;0;340;0;60;10;90;117;67;57;0;13;3;580;163;177;0;0;220;143;37;33;0;0;180;97;550;3;457;0;0;514;0;33;40;0;3;0;0;1107;123;0;0;3;0
113;A Harpa do Crente;Alexandre Herculano;1838;Poetry;36;1348;45;129;0;2;435;469;0;931;66;13;427;0;0;0;1;72;8;379;2;32;3;49;194;50;38;0;9;10;855;179;100;1;0;260;164;15;20;0;0;103;60;406;0;420;4;0;501;1;43;26;0;4;0;0;1472;73;0;0;0;0
114;A MORTE DO LIDADOR;Alexandre Herculano;1877;Tale;59;1537;57;133;2;11;587;558;0;891;74;17;410;0;0;0;2;69;17;394;0;17;2;53;164;86;82;0;17;6;800;177;154;0;0;470;154;34;48;0;0;139;48;210;2;110;6;0;507;0;32;40;0;13;0;0;1575;72;0;0;6;0
115;Eurico o Presbítero;Alexandre Herculano;1844;Novel;34;1556;84;148;1;1;420;431;0;727;102;14;437;0;0;0;3;73;10;335;0;31;3;78;176;57;45;0;15;7;739;155;62;0;0;450;193;30;40;0;1;122;63;373;1;324;4;0;471;2;67;27;0;8;0;0;1677;76;0;0;1;0
116;DE JERSEY A GRANVILLE (1831);ALEXANDRE HERCULANO;1851;Novel;34;1518;84;133;1;0;434;447;0;763;81;19;434;0;0;0;1;74;18;364;1;31;1;93;177;50;45;0;19;10;797;153;57;0;0;399;186;32;48;0;0;137;77;337;3;338;6;0;455;0;70;21;0;7;0;0;1647;79;0;0;0;0
117;O Bobo;Alexandre Herculano;1843;Novel;34;1535;93;155;1;1;466;468;0;636;95;18;481;0;0;0;2;87;16;368;0;32;2;81;163;51;51;0;14;8;705;176;135;1;0;400;189;29;34;0;1;131;66;403;2;317;3;0;489;1;69;27;0;7;0;0;1567;81;1;0;1;0
118;TRÊS MESES EM CALECUT;ALEXANDRE HERCULANO;1851;Chronicle;22;1535;114;175;1;5;467;454;0;890;80;16;557;0;0;0;2;82;14;349;0;46;1;67;147;61;73;0;25;12;633;188;286;1;0;316;200;32;43;0;0;141;56;295;0;254;5;0;522;0;68;25;0;5;0;0;1389;87;1;0;0;0
119;URIEL;Maria Teresa Horta;2014;Tale;25;1682;55;139;0;0;517;517;0;791;189;5;592;0;0;0;0;80;10;318;0;10;0;55;214;95;80;0;30;5;955;154;10;0;0;468;144;55;65;0;0;60;20;184;0;139;20;0;249;0;25;10;0;5;0;0;1527;303;10;0;5;0
120;LEÃO VELHO;Lídia Jorge;2004;Tale;46;1561;93;178;3;9;394;391;0;821;118;16;444;1;0;0;5;52;29;501;1;49;2;90;184;66;55;0;14;8;574;200;90;1;0;271;183;37;74;0;4;210;59;424;2;357;9;0;436;1;85;33;0;12;0;0;1426;36;1;0;2;0
121;MARIDO;Lídia Jorge;1997;Tale;32;1565;84;213;0;0;444;485;0;745;82;23;498;0;0;0;2;54;9;471;0;57;9;61;161;36;72;0;20;11;467;213;27;0;0;204;197;20;54;0;0;140;48;480;0;487;11;0;421;0;50;16;0;5;0;0;1516;27;0;0;0;0
122;A CAMPONESA, A ÉGUA E O CAVALEIRO;Nuno Júdice;2003;Tale;21;1589;113;205;0;0;328;277;0;948;144;5;651;0;0;0;15;87;26;492;0;31;0;164;169;159;56;0;21;5;615;205;31;0;0;272;205;56;46;0;0;87;36;241;0;251;0;0;487;0;72;46;0;0;0;0;1466;149;0;0;15;0
123;O AZAR DOS TÁVORAS;Nuno Júdice;2003;Tale;40;1558;104;215;3;0;369;295;0;883;128;7;638;0;0;0;10;91;23;490;0;44;3;141;148;134;47;0;20;7;561;205;30;0;0;225;235;40;34;0;0;107;44;316;0;309;7;0;507;0;81;50;0;0;0;0;1440;101;0;0;10;0
124;NAUFRÁGIO DA MEDUSA;Versão de MAXIMIANO LEMOS JÚNIOR;189?;Novel;43;1503;94;138;1;39;429;433;0;646;129;21;573;0;0;0;4;90;6;322;0;26;1;129;134;53;43;0;34;10;563;194;86;1;0;317;237;38;57;0;0;187;31;351;1;338;6;0;470;1;71;52;0;9;0;0;1660;57;0;0;1;0
125;A SOMBRA;Mário Henrique Leiria;1973;Tale;68;1266;77;97;0;0;357;406;0;773;77;0;512;0;0;0;0;58;19;357;10;19;0;145;184;68;48;0;29;10;541;184;29;0;0;242;193;19;48;0;0;164;77;763;0;734;10;0;464;0;0;29;0;0;0;0;1198;10;0;0;0;0
126;A TERRA FORA DO SÍTIO;MARIA GABRIELA LLANSOL;1962;Chronicle;52;1418;34;86;0;0;429;447;0;700;130;19;506;0;0;0;0;89;12;364;3;28;0;68;148;31;59;0;6;0;540;145;46;0;0;358;216;19;68;0;3;102;49;623;6;493;6;0;478;0;15;15;0;3;0;0;1597;96;0;0;0;0
127;Negritude e Humanismo;Alfredo Margarido;1964;Essay;23;1627;91;158;2;1;419;400;0;903;86;14;380;0;0;0;1;52;31;422;0;36;2;92;158;44;40;0;13;6;882;136;112;2;0;454;185;35;42;0;0;140;58;266;1;259;2;0;410;0;59;27;0;13;0;0;1588;67;1;0;4;0
128;AILERON;Fernando Cabral Martins;2003;Tale;91;1497;74;265;8;0;620;629;0;587;66;17;645;0;0;0;17;66;25;505;0;17;8;74;149;33;132;0;0;0;612;240;17;0;0;199;182;17;41;0;0;116;50;372;8;347;8;0;480;0;17;8;0;0;0;0;1398;25;0;0;0;0
129;HISTÓRIA DA CIVILIZAÇAO IBÉRICA;OLIVEIRA MARTINS;1879;Essay;27;1491;59;105;1;4;492;485;0;709;70;12;372;0;0;0;2;51;19;362;1;26;1;68;147;44;38;0;12;7;843;153;242;1;0;432;181;23;31;0;0;116;85;354;1;324;4;0;410;0;42;25;0;7;0;0;1725;49;0;0;2;0
130;PORTUGAL CONTEMPORÂNEO I;OLIVEIRA MARTINS;1881;Essay;26;1447;60;117;1;8;505;498;0;864;79;22;421;0;0;0;2;55;12;395;1;29;2;69;153;59;52;0;17;8;722;150;259;1;0;347;170;27;32;1;0;128;74;393;1;325;5;0;452;1;44;29;0;10;0;0;1558;44;0;0;1;0
131;PORTUGAL CONTEMPORÂNEO II;OLIVEIRA MARTINS;1881;Essay;26;1383;56;106;1;8;470;471;0;848;80;20;412;0;0;0;1;54;11;401;0;29;2;70;138;58;46;0;15;7;717;148;278;2;0;332;156;22;23;1;0;111;78;512;1;413;5;0;426;1;38;19;0;9;0;0;1522;57;0;0;1;0
132;TEMPO A PERDER;Fernando Cabral Martins;2004;Tale;47;1735;84;121;0;0;588;597;0;541;65;19;457;0;0;0;0;65;19;476;0;28;0;75;224;28;28;0;19;0;700;205;19;0;0;485;131;19;47;0;0;140;93;261;9;233;0;0;476;0;56;9;0;0;0;0;1595;75;0;0;0;0
133;EPANÁFORA AMOROSA;D. FRANCISCO MANUEL DE MELO;1660;Tale;26;1537;90;217;1;1;465;448;0;933;112;19;505;0;0;0;0;74;24;457;0;52;2;133;141;79;60;0;11;14;666;241;214;0;0;282;150;25;21;0;0;162;82;263;1;241;7;0;504;2;44;41;0;8;0;0;1306;119;1;0;2;0
134;PERSEGUIÇÃO NO MAR;NUN'ÁLVARES DE MENDONÇA;1985;Memoirs;54;1451;125;167;1;6;335;337;0;748;99;24;487;0;0;0;3;66;19;397;0;34;3;139;165;69;54;0;30;11;425;232;52;0;0;232;167;33;101;0;1;239;57;558;3;503;6;0;449;0;66;41;0;12;0;0;1438;69;0;0;4;0
135;A CHEGADA;José Rodrigues Miguéis;2002;Tale;43;1401;77;136;4;4;525;531;0;954;62;18;416;0;0;0;2;76;18;452;0;19;0;82;186;41;58;0;14;8;730;186;161;1;0;287;135;15;43;0;4;143;68;520;0;419;4;0;387;0;50;22;0;9;0;0;1249;35;1;0;3;0
136;GENTE DA TERCEIRA CLASSE;JOSÉ RODRIGUES MIGUÉIS;1962;Chronicle;33;1499;70;172;2;4;545;566;0;823;75;20;489;0;0;0;3;91;10;434;1;24;5;71;199;35;56;0;17;8;597;142;51;0;0;307;188;17;37;0;1;144;69;467;3;404;7;0;409;3;37;18;0;3;0;0;1404;43;0;0;1;0
137;O PESCADOR URASHIMA;VENCESLAU DE MORAES;19??;Chronicle;17;1408;64;171;4;5;539;553;0;992;97;8;475;1;0;0;3;115;28;381;0;25;1;94;168;110;74;0;12;11;716;177;17;0;0;277;183;34;32;0;0;114;62;347;0;320;7;0;422;1;41;16;0;4;0;0;1457;103;1;0;0;0
138;O VIÚVO;DAVID MOURÃO-FERREIRA;1974;Tale;48;1342;107;160;1;1;252;267;0;828;84;27;469;1;0;0;2;72;14;432;0;26;6;139;134;27;66;0;12;10;319;217;42;0;0;231;134;12;48;0;1;167;87;981;4;827;2;0;375;0;37;19;0;4;0;0;1143;37;0;0;1;0
139;A CASA FECHADA;Vitorino Nemésio;1971;Short story;29;1562;83;146;1;1;403;410;0;604;87;22;481;0;0;0;3;96;13;415;0;23;1;106;201;31;78;0;19;6;549;173;135;0;0;382;203;18;43;1;1;150;45;537;1;407;4;0;463;2;43;24;0;6;0;0;1564;36;1;0;0;0
140;CABEÇA DE BOGA;Vitorino Nemésio;1924;Tale;51;1424;68;156;3;0;404;406;0;676;74;6;529;0;0;0;0;94;20;332;0;23;0;102;162;37;48;0;6;11;392;151;171;0;0;332;202;26;37;0;0;168;82;622;0;551;3;0;440;0;37;17;3;3;0;0;1475;80;0;0;0;0
141;O NAVIO PIRATA;VITORINO NEMÉSIO;1949;Tale;32;1519;60;142;3;6;407;417;0;687;75;14;445;0;0;0;1;102;6;373;0;15;1;64;178;37;57;0;12;5;536;131;214;0;0;413;180;12;45;0;1;121;58;563;1;512;4;0;432;1;35;14;0;4;0;0;1518;41;0;0;0;0
142;PRIMEIRO CORSO;VITORINO NEMÉSIO;1956;Chronicle;35;1529;51;106;1;4;520;527;0;658;58;20;355;0;0;0;0;59;12;373;0;20;2;90;182;33;40;0;8;6;802;135;243;0;0;483;156;10;29;0;2;107;79;409;1;381;4;0;401;0;29;20;0;7;0;0;1586;57;0;0;1;0
143;A ÚLTIMA VIAGEM DA NAU DA ÍNDIA;JOÃO BRAZ DE OLIVEIRA;1970;Novel;21;1717;50;72;3;12;474;467;0;501;110;12;423;0;0;0;4;56;9;295;0;21;3;62;179;93;53;0;29;4;648;166;141;0;0;514;214;41;35;0;0;166;44;330;0;341;0;0;449;0;31;46;0;12;0;0;1775;23;0;0;0;0
144;A HOLANDA;RAMALHO ORTIGÃO;1883;Chronicle;27;1736;40;109;1;17;533;533;0;680;61;18;320;0;0;0;1;56;18;377;0;20;2;95;206;51;41;0;16;8;905;124;148;0;0;504;160;30;45;0;1;101;50;272;3;267;3;0;335;0;27;20;0;9;0;0;1715;52;0;0;2;0
145;A PRIMEIRA TEMPESTADE;Ramalho Ortigão;1915;Tale;22;1427;97;184;0;0;409;409;0;610;45;24;582;0;0;0;3;150;12;424;0;28;3;95;150;66;47;0;15;8;551;150;50;0;0;302;153;15;27;0;0;136;58;587;1;470;1;0;462;4;59;9;0;8;0;0;1406;173;1;0;0;0
146;AS FARPAS I;RAMALHO ORTIGÃO;1871;Chronicle;29;1683;49;112;1;6;503;505;0;641;59;23;353;0;0;0;1;62;13;389;0;22;2;96;192;44;45;0;17;8;843;127;181;0;0;470;163;24;40;0;1;108;55;313;4;305;3;0;361;1;32;20;0;7;0;0;1717;67;0;0;1;0
147;AS FARPAS II;RAMALHO ORTIGÃO;1871;Chronicle;26;1629;53;141;1;6;498;505;0;622;73;18;359;0;0;0;1;58;12;380;0;26;2;123;172;45;47;0;12;11;893;156;261;0;0;445;162;24;35;0;1;109;64;300;2;307;3;0;356;1;34;17;0;8;0;0;1619;83;0;0;1;0
148;ELE E ELA;Ramalho Ortigão;1915;Tale;30;1644;50;227;0;0;538;525;0;628;77;3;565;0;0;0;3;134;10;344;0;47;0;107;200;50;53;0;20;7;695;170;77;0;0;364;170;47;47;0;3;157;53;334;0;257;0;0;384;0;47;30;0;3;0;0;1554;124;3;0;0;0
149;O MAR;RAMALHO ORTIGÃO;1876;Script;19;1416;47;127;0;14;447;457;0;714;71;11;435;0;0;0;3;65;24;301;0;32;1;148;171;39;47;0;11;18;875;111;89;0;0;361;142;16;28;0;3;147;77;358;1;347;5;0;509;0;29;33;0;14;0;0;1757;106;0;0;1;0
150;O MARINHEIRO;FERNANDO PESSOA;1913;Drama;45;1202;145;234;1;0;326;304;0;586;60;47;505;0;0;0;3;72;11;487;0;54;0;108;116;34;43;0;23;6;416;190;28;0;0;118;129;17;37;0;0;207;108;826;0;766;6;0;617;0;64;7;0;6;0;0;1063;97;0;0;0;0
151;PEREGRINAÇÃO;FERNÃO MENDES PINTO;1614;Chronicle;49;1798;108;266;0;42;486;459;0;772;111;24;497;0;0;0;2;84;20;433;2;60;2;164;191;67;74;0;19;7;575;244;177;0;1;291;170;28;55;0;0;176;75;101;2;125;8;0;520;2;50;36;0;9;0;0;1384;87;0;0;2;0
152;PEREGRINAÇÃO;FERNÃO MENDES PINTO;1614;Chronicle;42;1784;93;276;1;32;441;416;0;780;78;17;568;0;0;0;0;132;22;426;1;61;2;148;181;69;56;0;20;7;597;234;64;0;0;276;203;29;46;0;0;166;62;151;3;176;3;0;539;2;43;40;0;2;0;0;1392;99;0;0;3;0
153;L;Jacinto Lucas Pires;2014;Tale;71;1390;63;189;5;3;645;708;0;897;68;34;503;0;0;0;0;89;24;587;3;50;3;163;149;10;115;0;37;10;556;202;13;0;0;178;144;13;47;0;0;170;89;417;3;317;5;0;417;0;10;24;0;5;0;0;1182;89;0;0;0;0
154;VIAGEM À ILHA DE SATANÁS;JOSÉ CARDOSO PIRES;1997;Novel;46;1762;51;170;2;5;501;471;0;547;81;8;440;0;0;0;5;90;12;408;0;27;2;86;198;44;52;0;21;12;676;201;393;1;0;377;216;17;38;0;0;112;59;313;1;314;5;0;390;0;36;19;0;8;0;0;1412;19;1;0;2;0
155;CIVILIZAÇÃO;Eça de Queirós;1900;Tale;25;1470;38;135;1;21;502;522;0;953;28;19;403;0;0;0;0;32;10;413;1;18;5;70;185;43;63;0;14;10;783;176;106;0;0;357;132;30;50;0;0;112;50;411;1;412;0;0;397;0;31;21;0;2;0;0;1507;66;0;0;2;0
156;FREI GENEBRO;Eça de Queirós;1900;Tale;38;1512;47;182;2;0;427;425;0;923;50;7;456;0;0;0;2;64;2;397;0;35;0;102;179;71;68;0;19;5;857;170;123;2;0;321;125;24;43;0;0;94;47;371;0;342;0;0;456;0;28;26;0;0;0;0;1486;142;2;0;2;0
157;JOSÉ MATIAS;Eça de Queirós;1900;Tale;22;1472;31;126;4;3;430;426;0;979;44;6;353;0;0;0;1;47;8;409;0;25;0;112;189;42;86;0;14;11;774;205;256;0;0;301;145;29;56;0;0;100;53;442;0;393;2;0;406;1;15;12;0;2;0;0;1500;108;1;0;1;0
158;NO MOINHO;Eça de Queirós;1900;Tale;16;1473;48;131;2;0;431;429;0;748;77;16;463;0;0;0;0;126;14;384;0;13;2;106;206;81;79;0;11;18;702;151;93;0;0;323;163;22;50;0;2;174;100;411;2;366;4;0;432;2;34;20;0;7;0;0;1599;120;2;0;0;0
159;O DEFUNTO;Eça de Queirós;1900;Tale;33;1454;54;163;0;2;449;458;0;957;51;5;439;0;0;0;1;60;9;417;0;26;1;131;186;68;73;0;15;8;708;202;222;0;0;291;145;46;53;0;1;118;43;398;0;356;5;0;472;0;19;20;1;4;0;0;1432;76;0;0;2;0
160;O MIANTONOMAH;EÇA DE QUEIRÓS;1866;Tale;20;1321;32;134;0;3;637;651;0;862;74;29;362;0;0;0;0;44;16;315;0;35;12;90;140;51;42;0;7;9;926;119;54;0;0;356;129;31;12;0;1;115;90;331;0;323;3;0;478;3;20;16;0;10;0;0;1724;57;1;0;6;0
161;O SUAVE MILAGRE!;Eça de Queirós;1900;Tale;16;1551;34;158;0;0;437;435;0;1003;26;13;450;0;0;0;0;32;3;403;0;37;3;145;200;58;42;0;5;8;751;187;103;0;0;382;132;32;84;0;3;61;29;327;0;316;3;0;492;0;11;8;0;11;0;0;1638;76;3;0;0;0
162;Os Maias;Eça de Queirós;1888;Novel;30;1378;66;143;2;2;411;415;0;913;70;21;491;0;0;0;1;89;10;411;0;33;2;96;182;66;64;0;15;8;613;193;155;0;0;271;152;34;36;0;0;137;70;571;1;436;5;0;470;2;42;17;0;4;0;0;1392;61;0;0;0;0
163;SINGULARIDADES DE UMA RAPARIGA LOIRA;Eça de Queirós;1900;Tale;34;1254;67;123;1;4;547;575;0;898;68;16;449;0;0;0;3;92;12;359;0;23;1;59;156;61;71;0;11;6;769;148;115;0;0;292;120;26;26;0;0;149;80;551;0;409;2;0;449;0;42;30;0;4;0;0;1386;109;0;0;0;0
164;UM POETA LÍRICO;Eça de Queirós;1900;Tale;22;1466;57;114;0;4;534;528;0;811;39;10;479;0;0;0;0;90;14;363;0;12;2;80;212;43;67;0;6;4;767;143;128;2;0;363;114;16;27;0;0;135;102;442;0;383;4;0;408;0;47;14;0;4;0;0;1492;88;0;0;0;0
165;Odes Modernas;Antero de Quental;1865;Poetry;27;1266;50;149;0;2;539;530;0;819;68;36;446;0;0;0;1;55;9;373;0;27;1;72;165;56;28;0;10;7;807;147;124;0;0;219;142;17;20;0;0;113;104;462;0;420;7;0;517;0;36;20;0;7;0;0;1455;55;1;0;3;0
166;Primaveras Românticas;Antero de Quental;1872;Poetry;24;1180;70;169;0;0;414;410;0;804;63;25;500;0;0;0;0;70;6;383;0;32;2;73;147;47;33;0;10;5;728;134;98;1;0;181;108;13;15;0;0;106;94;661;0;601;7;0;485;3;46;14;0;4;0;0;1291;125;0;0;1;0
167;A PELE DO BOMBO;Aquilino Ribeiro;1913;Tale;30;1463;73;114;5;2;456;463;0;851;73;7;557;0;0;0;2;155;7;361;0;27;0;55;194;41;48;0;14;5;536;212;34;0;0;288;192;21;55;0;2;135;43;532;0;402;7;0;479;7;39;18;0;5;0;0;1440;27;0;0;0;0
168;O MORGADO DE FRAIÃO;Aquilino Ribeiro;1963;Short story;28;1512;78;157;1;0;455;455;0;724;72;24;499;0;0;0;6;98;6;430;0;37;1;73;172;40;55;0;24;8;629;161;278;0;0;306;200;14;33;0;1;130;61;473;1;389;10;0;437;1;52;21;0;6;0;0;1368;69;1;0;0;1
169;O PÃO-DE-LÓ;Aquilino Ribeiro;1963;Short story;40;1461;63;138;1;1;480;477;0;739;89;12;474;0;0;0;1;89;7;420;0;32;7;87;165;51;46;0;14;16;686;129;164;0;0;290;210;29;33;0;0;136;93;491;2;407;9;0;465;0;42;17;0;10;0;0;1422;53;0;0;1;0
170;OS LADRÕES DAS ALMAS;Aquilino Ribeiro;1913;Tale;18;1532;71;137;0;4;370;392;0;789;67;25;505;0;0;0;1;99;7;395;1;15;0;73;191;47;59;0;25;13;514;170;99;1;0;299;183;21;31;0;1;151;52;550;1;508;3;0;469;1;50;31;0;4;1;0;1483;35;0;0;1;0
171;O PROFESSOR INTEMERATO E A GAITINHA DO CAPADOR;Aquilino Ribeiro;1963;Short story;28;1500;75;180;1;1;358;371;0;693;78;10;469;0;0;0;5;99;4;396;0;27;2;89;154;38;50;0;23;8;708;117;155;0;0;308;214;22;34;0;1;142;82;588;1;507;4;0;420;3;44;14;0;8;0;0;1368;81;1;0;1;0
172;TEM BOM CORPO… TRABALHE!;Aquilino Ribeiro;1963;Short story;32;1394;81;171;6;4;433;435;0;716;78;19;606;0;0;0;2;138;9;409;0;40;2;76;157;25;43;0;17;11;504;179;69;2;0;265;205;14;32;0;1;150;74;668;0;484;9;0;501;2;45;25;0;1;0;0;1331;71;0;0;0;0
173;A MULHER QUE APRENDEU A CHORAR;Jaime Rocha;2000;Tale;22;1452;81;215;0;2;455;439;0;577;122;37;512;0;0;0;2;93;8;378;0;35;4;83;173;87;67;0;28;12;516;219;20;0;0;221;221;20;49;0;2;205;128;361;0;288;10;0;630;2;57;24;0;4;0;0;1653;124;0;0;2;0
174;HISTÓRIA DE ROSA BRAVA;José Régio;1946;Tale;52;1355;107;192;5;0;392;408;0;841;96;17;526;1;0;0;3;97;18;500;0;44;2;155;133;61;78;0;15;7;635;190;69;0;0;212;154;17;23;0;1;168;64;581;2;473;7;0;486;1;55;15;0;9;0;0;1186;88;1;0;0;0
175;CLARA EUGÉNIA E AS METÁFORAS;Amadeu Lopes Sabino;1991;Short story;27;1487;66;129;5;0;482;491;0;623;96;13;522;0;0;0;3;85;3;346;0;23;0;76;176;70;63;0;12;7;731;201;267;0;0;360;196;31;48;0;8;124;46;439;0;373;3;0;448;2;36;15;0;5;0;0;1417;50;0;0;2;0
176;NOS MARES DO FIM DO MUNDO;BERNARDO SANTARENO;1959;Chronicle;46;1213;51;137;1;2;442;475;0;1128;55;25;395;0;0;0;1;60;14;397;0;19;2;112;194;43;75;0;14;4;629;200;130;1;0;208;127;19;26;0;2;135;75;679;1;509;7;0;458;2;46;20;1;4;0;0;1293;34;0;0;1;0
177;CHORO DE CRIANÇA;Jorge de Sena;1971;Tale;37;1416;65;126;1;0;412;417;0;847;142;10;409;0;0;0;0;57;14;386;1;14;1;82;211;62;57;0;9;9;624;133;31;0;0;251;189;30;65;0;1;150;60;585;0;552;9;0;529;0;34;37;0;3;0;0;1389;17;0;0;3;0
178;A GRÃ-CANÁRIA;JORGE DE SENA;1976;Tale;37;1427;63;142;1;3;497;494;0;963;132;17;449;0;0;0;2;69;17;416;1;22;2;97;194;62;57;0;16;8;596;177;38;0;0;236;178;38;54;0;0;168;71;412;3;400;6;0;505;1;42;32;0;10;0;0;1410;42;0;0;1;0
179;HOMENAGEM AO PAPAGAIO VERDE;JORGE DE SENA;1976;Tale;26;1574;56;163;5;2;522;503;0;1003;125;12;474;0;0;0;1;56;12;425;3;32;3;88;217;86;71;0;19;13;634;158;45;0;0;291;204;37;44;0;1;121;55;289;0;285;3;0;496;0;32;24;0;7;0;0;1355;152;0;0;2;0
180;AS ITES E O REGULAMENTO;Jorge de Sena;1971;Tale;30;1577;59;140;2;1;453;451;0;932;91;20;417;1;0;0;2;63;21;444;0;23;3;88;237;67;50;1;19;16;696;160;87;0;0;319;163;41;53;0;0;125;79;330;2;322;6;0;441;0;37;26;0;5;0;0;1474;41;0;0;0;0
181;SUPER FLUMINA BABYLONIS;Jorge de Sena;1978;Tale;15;1508;78;278;0;0;545;545;0;748;105;8;518;0;0;0;5;102;23;482;2;44;3;95;121;52;71;0;23;8;591;204;110;0;0;202;154;26;47;0;3;172;123;291;0;306;3;0;639;0;58;36;0;5;0;0;1275;89;2;0;3;0
182;Guerras do Alecrim e Manjerona;António José da Silva;1737;Drama;16;1024;74;233;1;3;320;303;0;1002;88;27;499;0;0;0;0;62;9;404;1;43;1;72;130;42;47;0;13;9;425;148;579;0;0;123;118;11;11;0;0;163;122;654;0;757;8;0;673;3;65;32;0;9;0;0;830;111;1;0;0;0
183;O MAR NÃO TEM CANCELAS;JOAQUIM PEDRO CELESTINO SOARES;1941;Novel;22;1367;87;141;0;32;556;574;0;808;106;10;534;0;0;0;3;84;17;382;0;31;1;85;129;102;56;0;13;8;527;154;140;0;0;261;209;42;51;1;0;160;58;407;1;364;7;0;488;4;47;26;0;7;0;0;1489;46;0;0;2;0
184;O MEDO DE GEORGE STEINER;Gonçalo M. Tavares;2004;Tale;78;1310;78;127;0;0;469;440;0;762;98;39;547;0;0;0;0;20;10;469;0;49;0;78;166;49;10;0;10;0;538;264;137;0;0;156;137;10;59;0;0;137;137;459;10;469;10;0;587;10;29;10;0;0;0;0;1525;68;0;0;10;0
185;O VASO;Gonçalo M. Tavares;2005;Tale;15;1000;149;194;0;0;537;567;0;582;179;0;448;0;0;0;0;15;0;552;0;60;0;60;194;30;90;0;15;15;224;224;30;0;0;119;104;0;75;0;15;194;45;836;0;761;15;0;627;0;60;0;0;15;0;0;1164;45;0;0;0;0
186;TENTAR NÃO MORRER;Gonçalo M. Tavares;2005;Tale;67;1087;107;81;0;0;362;376;0;443;188;27;416;0;0;0;0;40;67;456;0;0;0;67;107;40;67;0;27;13;295;228;0;0;0;121;242;13;13;0;0;255;27;1007;0;953;13;0;510;0;27;0;0;0;0;0;1221;107;0;0;0;0
187;CONFIDÊNCIA BARREIRENSE;Teresa Veiga;2000;Tale;27;1737;105;239;0;10;492;471;0;381;98;11;546;2;0;0;0;96;11;464;0;32;1;114;164;45;58;0;43;11;605;216;63;0;0;354;239;23;46;0;3;178;69;317;2;312;5;0;421;2;60;30;0;10;0;0;1482;97;0;0;0;0
188;O ROMANCE PERDIDO;Fernando Venâncio;2004;Tale;42;1214;77;162;2;0;405;432;0;1041;92;30;577;0;0;0;7;77;2;437;0;25;2;115;172;55;52;0;10;10;544;240;20;0;0;227;135;20;25;0;0;182;90;524;0;547;7;0;425;0;55;32;0;10;0;0;1276;70;0;0;0;0
189;Auto da Barca do Inferno;Gil Vicente;1517;Drama;17;888;95;189;0;4;407;428;0;639;27;37;541;0;0;0;0;65;9;285;0;33;0;67;135;46;56;0;1;4;680;114;366;0;0;141;148;10;9;0;0;164;80;811;0;752;11;0;666;6;58;38;0;13;0;0;969;58;0;0;0;0
190;Auto da Alma;Gil Vicente;1518;Drama;11;924;77;181;2;6;507;518;0;1160;32;15;520;0;0;0;0;49;9;304;2;34;0;81;128;57;53;0;0;4;822;126;298;4;0;104;113;4;8;4;0;164;85;545;0;583;6;0;520;6;41;41;0;8;0;0;1073;85;0;0;0;0
191;Auto da Índia;Gil Vicente;1509;Drama;8;787;85;215;3;19;455;473;0;670;29;27;580;0;0;0;0;85;13;322;0;37;0;88;125;48;40;0;3;0;1024;162;582;0;0;59;90;8;8;0;0;170;93;694;0;601;5;0;758;5;64;21;3;11;0;0;801;66;0;0;0;0
192;Farsa de Inês Pereira;Gil Vicente;1523;Drama;9;850;124;226;1;15;491;519;0;1008;35;10;642;0;0;0;0;64;9;383;2;29;1;92;109;43;64;0;1;3;700;160;359;0;0;62;98;5;5;0;0;127;52;693;1;642;5;0;628;3;73;35;0;6;0;0;809;61;0;0;0;0
193;A Cidade e a Infância;Luandino Vieira;1960;Tale;16;1342;65;122;1;1;394;403;0;463;76;20;465;0;0;0;0;50;18;390;1;26;1;86;163;31;49;0;16;5;575;188;105;0;0;274;188;25;26;0;0;158;68;760;2;689;3;0;524;1;35;22;1;5;0;0;1388;57;0;0;1;0
194;KAPAPA;JOSÉ LUANDINO VIEIRA;1998;Novel;25;1429;81;154;0;5;549;554;0;903;38;3;497;1;0;0;1;35;13;429;3;30;3;91;224;48;40;0;16;15;656;147;57;0;0;407;110;18;37;0;0;127;113;381;3;306;11;0;449;5;55;24;0;11;0;0;1438;132;0;0;1;0
195;Sermão de St.° António aos Peixes;P.e António Vieira;1654;Allegory;19;1408;86;229;1;3;614;595;1;834;82;18;569;0;0;0;1;88;47;474;1;39;1;168;140;43;56;0;16;10;528;146;91;0;0;178;169;25;17;0;2;142;98;347;1;352;8;0;509;4;47;28;0;6;0;0;1373;56;0;0;1;0
