,id_obra,ano,genero,ADJ,ADV,CARD,CJ,CL,CN,DA,DEM,DFR,DGT,DGTR,DM,EADR,EOE,EXC,GER,IA,IND,INF,INT,ITJ,LADV1,LADV2,LADV3,LADV4,LADV5,LADV6,LADV7,LCJ1,LCJ2,LCJ3,LCJ4,LCN1,LCN2,LDEM1,LDEM2,LDFR1,LDFR2,LDM1,LDM2,LITJ1,LITJ2,LITJ3,LPREP1,LPREP2,LPREP3,LPREP4,LPRS1,LPRS2,LQD1,LQD2,LREL1,LREL2,LTR,MGT,MTH,NP,ORD,PADR,PL,PNM,PNT,POSS,PP,PPA,PPT,PREP,PREPDA,PREPDEM,PRS,QNT,REL,STT,SYB,UM,V,VAUX,WD
1,1,1805,Drama,579,292,17,312,213,1434,1089,25,0,44,1,0,0,3,11,85,0,8,148,58,30,22,21,6,0,0,0,0,7,4,0,0,0,0,0,0,0,0,0,0,0,0,0,6,5,0,0,0,0,0,0,0,0,25,0,0,0,0,1,0,1102,2118,140,0,128,7,982,0,0,73,32,156,12,0,2,779,0,0
2,2,1906,Novel,466,422,12,498,317,1598,967,58,0,3,1,0,0,0,0,44,3,37,252,23,19,11,12,3,0,0,0,0,16,16,2,0,0,0,0,0,0,0,0,0,0,2,1,11,11,1,0,0,0,0,0,0,0,58,0,0,0,3,0,0,203,2142,87,0,230,17,813,0,0,93,72,191,2,0,169,1078,8,0
3,3,1892,Poetry,530,394,18,497,214,1601,995,95,0,69,9,0,0,3,3,61,1,13,177,37,25,17,18,8,0,0,0,0,11,11,4,0,0,0,0,0,0,0,0,0,0,1,0,14,9,0,0,0,0,0,0,0,0,29,0,6,0,9,1,0,538,1970,97,10,149,8,987,0,0,55,61,191,14,13,131,865,3,0
4,4,1914,Petry,338,450,3,476,357,1565,552,28,0,28,9,0,0,0,0,41,0,70,274,19,9,44,44,12,0,0,0,0,3,3,0,0,0,0,3,3,0,0,0,0,0,0,0,12,12,3,0,0,0,0,0,0,0,76,0,6,0,38,0,0,424,2265,102,63,172,9,849,0,0,207,70,140,6,0,127,1060,0,6
5,5,1899,Poetry,647,276,19,506,163,1741,1258,76,0,29,3,0,0,0,4,70,3,13,155,35,26,14,14,4,0,0,0,0,5,5,1,0,0,0,0,0,0,0,0,0,1,0,0,18,15,1,0,0,0,0,0,0,0,89,0,2,0,8,0,0,537,1537,172,0,144,8,1211,2,0,89,63,213,5,9,99,679,3,1
6,6,1837,Poetry,651,305,5,290,255,2041,1268,35,0,5,0,0,0,0,5,45,0,0,170,55,35,5,5,0,0,0,0,0,0,0,0,0,0,0,0,0,0,0,0,0,0,0,0,15,15,0,0,0,0,0,0,0,0,25,0,0,0,0,0,0,571,1775,165,0,140,10,997,0,0,20,50,165,5,0,55,807,0,0
7,7,1915,Poem,447,274,20,398,135,1624,1091,45,0,16,0,0,0,0,0,8,0,28,393,0,172,8,12,4,0,0,0,0,4,4,4,0,0,0,0,0,0,0,0,0,0,8,0,0,0,0,0,0,0,0,0,0,0,73,0,4,0,12,0,0,906,1505,82,0,233,8,1456,0,0,155,24,94,4,20,28,681,0,4
8,8,1922,Tale,577,352,39,433,215,1907,1019,61,0,1,0,0,0,0,1,127,5,16,204,7,21,17,18,4,0,0,0,0,7,7,2,0,0,0,0,0,0,0,0,0,0,0,0,17,15,1,0,0,0,0,0,0,0,101,0,0,0,12,0,0,258,1797,103,0,207,25,1129,1,0,38,74,144,3,0,177,812,16,0
9,9,1921,Poem,532,408,13,524,189,1629,1102,63,0,0,7,2,0,0,0,147,0,18,176,29,23,10,10,2,0,0,0,0,5,5,2,0,0,0,0,0,0,0,0,0,0,0,0,10,7,2,0,0,0,0,0,0,0,52,0,5,0,0,0,0,382,1948,284,2,147,7,854,0,0,97,52,158,2,105,113,851,2,0
10,10,1921,Essay,335,547,45,394,216,1542,1103,61,0,3,3,0,0,1,0,6,11,30,382,1,3,20,23,9,0,0,0,0,20,20,15,0,0,0,0,0,0,0,0,0,0,0,0,30,30,6,0,0,0,0,0,0,0,26,0,0,0,9,0,0,398,1500,121,1,147,37,1031,0,0,169,96,213,0,99,172,1078,23,1
11,11,1805,Poetry,550,336,15,451,214,1338,856,30,0,38,7,7,0,0,0,76,0,7,107,45,38,7,7,0,0,0,0,0,0,0,0,0,0,0,0,0,0,0,0,0,0,0,0,15,15,0,0,0,0,0,0,0,0,22,0,0,0,0,0,0,1086,2295,153,0,122,0,1048,0,0,91,38,160,0,45,7,757,0,0
12,12,1790,Poetry,739,272,12,285,116,1335,1089,64,0,0,0,0,0,0,12,77,0,77,25,25,116,12,12,0,0,0,0,0,12,12,0,0,0,0,0,0,0,0,0,0,0,0,0,0,0,0,0,0,0,0,0,0,0,0,0,0,0,0,0,0,1374,1919,155,0,155,12,946,0,0,64,51,220,12,129,25,622,0,0
13,13,1791,Drama,644,477,35,369,330,1300,946,67,0,3,0,0,0,0,0,99,0,27,190,103,47,7,7,0,0,0,0,0,3,3,3,0,0,0,0,0,0,0,0,0,0,0,0,3,3,0,0,0,0,0,0,0,0,3,0,0,0,0,0,0,838,1852,190,0,174,11,815,0,0,131,55,194,0,79,7,954,7,0
14,14,1805,Poetry,502,287,10,408,183,1070,918,23,0,156,23,0,0,2,2,39,0,31,117,15,13,5,2,0,0,0,0,0,5,5,2,0,0,0,0,0,0,0,0,0,0,0,0,10,10,0,0,0,0,0,0,0,0,26,0,0,0,2,2,0,1601,2216,149,0,112,10,918,0,0,83,28,159,15,125,10,688,0,0
15,15,1824,Poetry,590,146,21,356,174,1320,1009,24,0,253,5,2,0,10,2,54,0,8,195,46,10,8,8,0,0,0,0,0,0,0,0,0,0,0,0,0,0,0,0,0,0,0,0,8,5,0,0,0,0,0,0,0,0,2,0,0,0,16,5,0,1317,1927,78,2,209,5,1170,0,0,29,29,127,10,155,2,639,2,0
16,16,1917,Other,613,563,28,451,309,1914,1169,80,0,46,3,0,0,2,1,38,1,16,282,2,10,24,24,7,0,0,0,0,11,11,3,1,0,0,0,0,0,0,0,0,0,0,0,22,19,0,0,0,0,0,0,0,0,33,0,0,0,15,0,0,362,805,160,0,218,36,1317,1,0,128,100,155,2,14,151,814,16,0
17,17,1865,Chronicle,525,361,15,392,279,1717,1298,118,0,9,0,0,0,0,0,48,3,12,252,9,3,12,12,3,0,0,0,0,12,12,9,0,0,0,0,0,0,0,0,0,0,0,0,24,24,0,0,0,0,0,0,0,0,36,0,3,0,24,0,0,437,1325,106,0,145,27,1210,0,0,24,76,285,66,0,170,884,18,0
18,18,1906,Tale,606,393,40,439,262,1907,1074,68,0,8,0,0,0,0,0,110,6,17,167,4,13,16,17,4,0,0,0,0,10,10,4,0,0,0,0,0,0,0,0,0,0,0,0,13,11,2,0,0,0,0,0,0,0,36,0,0,0,7,0,0,152,1895,94,0,177,10,1154,0,0,20,71,156,0,2,167,828,3,0
19,19,1868,Novel,428,356,6,629,271,1395,801,155,0,40,3,0,0,1,5,116,0,19,250,62,6,10,10,1,0,0,0,0,14,13,4,0,0,0,0,0,0,0,0,0,0,0,0,6,6,0,0,0,0,0,0,0,0,9,0,0,0,6,0,0,681,1663,126,0,268,33,995,0,0,48,75,218,14,43,21,1159,6,0
20,20,1904,Novel,519,312,39,463,234,1594,1221,91,0,1,2,0,0,0,0,131,4,6,191,9,4,10,10,1,0,0,0,0,13,13,4,0,0,0,0,0,0,0,0,0,0,0,0,17,16,1,0,0,0,0,0,0,0,33,0,0,0,9,0,0,640,1431,108,0,220,17,1286,0,0,27,67,212,1,1,143,865,9,0
21,21,2003,Tale,477,703,79,490,339,1364,963,111,0,7,0,9,0,2,0,59,7,29,282,4,2,29,27,0,2,2,0,0,17,17,2,0,0,0,0,0,9,9,0,0,0,0,0,17,17,2,0,0,0,0,0,0,0,0,0,0,0,12,4,0,339,1562,84,2,170,32,1195,0,0,141,66,240,4,0,193,836,17,4
22,22,1963,Tale,548,327,40,327,223,2024,1303,46,1,1,0,0,0,0,0,60,5,40,272,2,1,16,16,9,0,0,0,0,8,8,1,0,0,0,0,0,0,1,0,0,0,0,0,24,23,2,2,0,0,0,0,0,0,0,0,1,0,8,0,0,287,1046,103,1,290,16,1575,0,0,38,95,201,2,0,175,802,8,0
23,23,1987,Novel,505,401,20,559,233,1746,1109,76,0,10,0,2,0,0,0,43,1,33,229,5,0,19,20,5,0,0,0,0,15,15,7,0,0,0,0,0,0,0,0,0,0,0,0,19,19,2,0,0,0,0,0,0,0,0,0,2,0,8,1,0,418,1160,110,0,203,17,1397,0,0,110,59,240,10,0,246,892,9,0
24,24,1954,Novel,509,461,18,520,289,1744,990,95,0,10,0,0,0,0,0,93,2,17,229,4,3,13,13,2,0,0,0,0,18,18,7,0,0,0,0,0,0,0,0,0,0,0,0,21,20,0,0,0,0,0,0,0,0,0,0,1,0,5,0,0,202,1468,142,0,222,20,1258,0,0,132,67,242,0,0,240,870,11,1
25,25,2008,Tale,407,535,31,640,293,1537,941,80,0,21,0,4,0,0,0,13,5,56,298,10,0,17,16,3,0,0,0,0,14,14,6,0,0,0,0,0,0,0,0,0,0,0,0,15,15,1,0,0,0,0,0,0,0,0,0,5,0,9,1,0,399,1293,64,1,167,21,1157,0,0,163,67,199,9,0,231,1201,12,0
26,26,2008,Anthology,585,472,14,538,230,1863,1180,92,0,1,0,0,0,0,0,26,1,38,250,6,0,21,21,5,0,0,0,0,19,19,10,0,0,0,0,0,0,0,0,0,0,0,0,18,18,1,0,0,0,0,0,0,0,0,0,1,0,7,0,0,190,1253,106,0,170,8,1218,0,0,90,63,250,4,0,254,931,2,0
27,27,1971,Tale,599,408,11,597,266,1875,1129,92,1,11,0,0,0,0,0,59,5,28,158,8,0,22,22,5,2,1,0,0,10,10,4,0,0,0,0,0,0,0,0,0,0,0,0,16,14,1,0,0,0,0,0,0,0,0,0,13,0,10,0,0,254,1325,103,0,215,4,1249,0,0,92,56,188,7,0,188,913,2,0
28,28,1982,Narrative,476,393,25,513,209,1639,1117,83,0,91,2,0,0,0,0,23,2,36,197,3,1,19,19,4,0,0,0,0,13,13,6,0,0,0,0,0,0,0,0,0,0,0,0,18,17,1,0,0,0,0,0,0,0,1,0,23,0,15,1,0,537,1430,98,0,169,13,1256,0,0,106,58,218,3,0,238,886,5,0
29,29,1971,Tale,510,500,26,517,287,1788,1029,66,0,0,0,0,0,0,0,71,4,49,213,7,4,23,23,0,0,0,0,0,14,14,2,0,0,0,0,0,0,0,0,0,2,2,0,18,16,2,0,0,0,0,0,0,0,0,0,0,0,7,7,0,128,1442,128,2,225,21,1293,0,0,102,71,218,4,0,218,913,11,7
30,30,1880-1881,Novel,448,433,56,486,208,1793,1324,89,0,28,3,0,0,0,0,104,2,8,202,5,1,25,26,3,10,2,0,0,19,19,8,0,0,0,0,0,0,0,0,0,0,0,0,28,26,4,1,0,0,0,0,0,0,5,0,15,0,8,0,0,477,1201,103,1,180,16,1473,0,0,25,87,183,19,0,86,726,8,1
31,31,1880,Essay,618,298,25,407,198,1650,1337,134,0,110,15,0,2,2,0,46,1,9,188,2,2,8,9,2,0,0,0,0,10,10,4,0,0,0,0,0,0,0,0,0,0,0,0,24,24,1,0,0,0,0,0,0,0,4,0,12,0,20,0,0,660,1251,115,1,164,18,1429,0,0,45,56,194,23,0,122,715,7,0
32,32,1880,Essay,599,309,24,411,215,1694,1285,119,0,132,11,0,0,1,0,56,2,11,182,6,4,10,10,1,0,0,0,0,9,10,4,0,0,0,0,0,0,0,0,0,0,0,0,19,19,1,0,0,0,0,0,0,0,6,0,12,0,20,1,0,624,1304,102,5,147,14,1429,0,0,51,56,183,27,0,142,701,7,0
33,33,1982,Tale,430,444,32,413,300,1584,1164,65,0,0,0,1,0,0,3,21,6,32,263,21,9,21,21,9,3,1,1,1,10,10,6,0,0,0,1,1,0,0,0,0,0,1,1,19,19,4,1,0,0,0,0,0,0,3,0,0,0,10,0,0,458,1778,93,1,134,22,1178,0,0,101,68,140,6,0,166,884,13,3
34,34,1862,Short story,293,463,49,526,329,1567,1089,96,0,7,1,1,0,0,0,61,4,21,260,9,3,9,9,2,0,0,0,0,8,8,0,0,0,0,0,0,0,0,0,0,1,1,0,15,15,2,0,0,0,0,0,0,0,0,0,2,0,8,0,0,382,1572,188,0,150,19,1144,0,0,184,53,190,9,0,113,1099,13,0
35,35,1865,Novel,396,419,41,489,304,1677,1110,111,0,4,2,0,1,1,1,56,7,10,236,11,6,8,9,2,0,0,0,0,10,10,0,0,0,0,0,0,0,0,0,0,0,0,0,14,14,0,0,2,1,0,0,0,0,0,0,1,0,10,0,0,450,1444,116,0,174,16,1281,0,0,129,54,205,57,0,95,982,6,0
36,36,1875,Short story,382,349,61,456,294,1646,1199,84,2,16,0,0,1,2,1,72,8,8,169,12,3,4,4,1,0,0,0,0,8,8,0,0,0,0,0,0,0,0,0,0,0,0,0,14,14,2,0,0,0,0,0,0,0,1,0,7,0,10,0,0,537,1570,101,0,184,12,1264,0,0,108,37,170,39,0,108,999,4,0
37,37,1876/77,Short story,332,436,60,499,286,1594,1140,97,0,16,2,2,1,1,0,69,7,16,206,13,12,5,5,1,0,0,0,0,8,7,0,0,0,0,0,0,0,0,0,0,0,0,0,14,14,3,0,0,0,0,0,0,0,4,0,3,0,7,0,0,414,1568,101,0,161,15,1177,0,0,153,47,207,43,0,115,1104,8,1
38,38,1877,Short story,324,376,85,460,316,1670,1282,103,1,18,0,0,0,1,1,75,5,17,212,18,5,7,8,2,0,0,0,0,11,10,0,0,0,0,0,0,0,0,0,0,0,0,0,14,14,0,0,11,11,0,0,0,0,4,0,5,0,13,0,0,387,1505,93,0,179,13,1257,0,0,131,27,169,31,0,96,994,7,2
39,39,1876,Short story,362,371,63,462,273,1695,1203,91,0,40,6,0,0,5,0,75,11,12,210,5,2,6,8,1,0,0,0,0,8,9,0,0,0,0,0,0,0,0,0,0,0,0,0,14,13,0,0,0,0,0,0,0,0,2,0,3,0,16,2,0,649,1273,105,0,181,22,1404,0,0,85,45,171,29,0,113,915,11,0
40,40,1876,Short story,394,368,60,484,328,1668,1150,104,0,10,2,1,0,0,0,72,8,13,211,12,7,11,12,1,0,0,0,0,8,8,1,0,0,0,0,0,0,0,0,0,0,0,0,9,9,1,0,0,0,0,0,0,0,0,0,2,0,13,0,0,442,1448,117,0,182,16,1277,0,0,113,43,180,32,0,115,1035,6,1
41,41,1927,Novel,627,412,33,535,217,1936,1250,86,0,8,0,0,0,0,0,58,2,28,154,2,1,26,26,7,0,0,0,0,6,6,1,0,0,0,0,0,0,0,0,0,0,0,0,29,28,0,0,0,0,0,0,0,0,0,0,3,0,4,0,0,207,1241,33,0,278,4,1311,0,0,46,93,202,19,0,219,840,1,0
42,42,1923,Chronicle,461,377,88,548,230,2003,1378,48,0,4,0,0,0,1,0,55,4,17,123,5,4,18,19,10,2,0,0,0,9,9,2,0,0,0,0,0,0,0,0,0,0,0,0,24,23,1,1,0,0,0,0,0,0,1,0,6,0,8,1,0,217,1393,38,0,214,8,1281,0,0,46,69,188,12,0,177,854,2,0
43,43,1996,Chronicle,435,587,41,739,274,1603,1092,76,0,1,0,2,0,0,0,51,1,41,237,4,12,22,22,2,0,0,0,0,9,9,0,0,0,0,0,0,0,0,0,0,0,0,0,31,29,4,2,0,0,0,0,0,0,1,0,4,0,3,0,0,259,1235,151,0,223,52,1086,0,0,138,71,136,8,0,148,1093,44,0
44,44,1735,Novel,282,580,121,860,354,1460,821,126,0,1,0,0,0,0,0,112,9,10,391,0,0,5,5,0,0,0,0,0,11,11,4,0,0,0,0,0,0,0,0,0,0,0,0,18,17,6,1,0,0,0,0,0,0,0,0,5,0,5,0,0,248,1264,124,0,114,23,1226,0,0,102,151,347,14,0,85,1048,15,0
45,45,1991,Essay,744,332,19,511,122,1639,1185,63,0,59,17,0,0,3,0,51,0,5,120,1,2,27,28,14,0,0,0,0,13,13,2,0,0,0,0,0,0,0,0,0,0,0,0,23,23,2,0,0,0,0,0,0,0,6,0,0,0,23,0,0,756,1598,66,2,158,7,1347,0,0,36,49,174,14,0,175,544,3,0
46,46,1921,Tale,463,533,35,501,282,1682,1116,48,0,4,0,0,0,0,0,122,25,19,299,8,3,19,19,8,3,3,3,0,14,14,9,0,0,0,0,0,0,0,0,0,0,0,0,21,17,1,1,0,0,0,0,0,0,0,0,6,0,8,0,0,265,1390,117,0,166,22,1181,0,0,116,82,179,33,1,224,901,12,3
47,47,1817,Letter,325,607,100,720,271,1292,716,136,1,170,3,0,0,0,0,43,8,21,239,1,0,9,9,0,0,0,0,0,27,27,9,0,0,0,0,0,0,0,0,0,0,0,0,27,27,7,5,0,0,0,0,0,0,1,0,12,0,9,0,0,334,1729,71,1,156,7,1190,0,0,211,171,211,18,0,104,932,3,14
48,48,1982,Novel,479,532,116,536,246,1856,1111,94,1,7,0,0,0,1,0,82,0,5,355,0,0,16,16,0,1,0,0,0,31,31,18,0,0,0,0,0,0,0,0,0,0,0,0,43,41,1,0,0,0,0,0,0,0,0,0,7,0,24,0,0,110,893,148,0,257,20,1491,0,0,50,110,235,1,0,189,814,7,0
49,49,1981,Tale,546,464,15,461,225,1802,984,47,0,0,2,0,0,0,0,76,7,26,233,2,2,23,26,7,0,0,0,0,0,0,0,0,0,0,0,0,0,0,0,0,0,0,0,23,18,5,2,0,0,0,0,0,0,0,0,0,0,0,0,0,368,1395,45,5,374,23,1528,0,0,29,74,167,0,0,225,729,13,7
50,50,1983,Tale,427,397,36,471,224,1775,1138,110,0,14,0,0,0,0,0,44,3,22,283,3,11,36,36,14,0,0,0,0,22,22,11,0,0,0,0,0,0,0,0,0,0,0,0,33,33,3,0,0,0,0,0,0,0,0,11,11,0,11,33,0,408,1255,51,0,235,55,1543,0,0,11,92,176,3,0,184,692,44,0
51,51,2001,Tale,354,421,26,541,235,2014,1145,97,0,0,0,0,0,0,0,14,3,22,279,3,0,0,0,3,3,0,0,0,7,7,0,0,0,0,0,0,0,0,0,0,0,0,0,33,33,11,0,0,0,0,0,0,0,3,0,0,0,3,0,0,134,1223,111,0,205,3,1514,0,0,220,63,167,11,0,227,847,0,0
52,52,1981,Tale,460,428,44,464,245,1964,1200,77,0,0,0,0,0,0,0,60,5,18,229,4,1,20,21,3,0,0,0,0,12,12,3,0,0,0,0,0,0,0,0,0,0,0,0,27,26,3,0,0,0,0,0,0,0,2,0,0,0,11,0,0,129,1314,59,0,311,22,1439,0,0,54,98,180,7,0,204,801,14,0
53,53,2011,Tale,449,550,20,521,276,1598,841,72,2,0,0,0,0,0,0,64,10,20,284,7,2,18,20,2,0,0,0,0,12,12,7,0,0,0,2,2,0,0,0,0,0,0,0,12,15,2,0,0,0,0,0,0,0,0,0,0,0,7,7,0,206,1789,25,0,229,36,1234,0,0,191,25,116,0,0,271,991,25,5
54,54,1981,Tale,447,464,31,441,301,1804,1124,92,0,0,0,0,0,0,0,81,11,11,235,4,3,24,28,4,0,0,0,0,4,4,0,0,0,0,0,0,0,0,0,0,0,0,0,33,29,4,1,0,0,0,0,0,0,1,0,0,0,13,0,0,94,1477,69,0,286,28,1313,0,0,92,109,185,11,0,210,888,21,0
55,55,18??,Poetry,0,0,0,0,0,0,0,0,0,0,0,0,0,0,0,0,0,0,0,0,0,0,0,0,0,0,0,0,0,0,0,0,0,0,0,0,0,0,0,0,0,0,0,0,0,0,0,0,0,0,0,0,0,0,0,0,0,0,0,0,0,0,0,0,0,0,0,0,0,0,0,0,0,0,0,0,0,0
56,56,1957,Novel,619,555,55,531,268,1817,1243,64,0,7,0,0,0,0,0,117,5,14,209,1,0,26,28,8,0,0,0,0,21,23,2,0,0,0,0,0,0,0,0,0,0,0,0,29,29,3,2,0,0,0,0,2,2,0,0,3,0,7,0,0,149,1282,84,0,222,11,1362,0,0,42,85,223,8,0,107,705,1,0
57,57,1954,Tale,411,673,21,503,386,1461,959,92,0,0,0,0,0,0,0,45,9,25,315,12,3,32,30,7,0,0,0,0,32,32,19,0,0,0,1,1,0,0,1,1,0,0,0,28,27,1,0,0,0,0,0,0,0,0,1,0,0,12,0,0,66,1632,124,1,120,45,1042,0,0,214,88,202,1,0,187,1086,28,0
58,58,2014,Tale,519,328,41,314,314,1901,1518,68,0,0,0,0,0,0,0,136,13,27,191,0,0,13,13,0,0,0,0,0,13,13,0,0,0,0,0,0,0,0,0,0,0,0,0,13,13,0,0,0,0,0,0,0,0,0,0,0,0,0,0,0,328,1149,27,0,123,0,1586,0,0,82,0,300,0,0,164,779,0,0
59,59,1891,Tale,527,669,56,422,329,1446,1045,107,0,0,0,0,0,0,4,116,2,21,228,11,35,25,25,7,0,0,0,0,11,11,0,0,0,0,0,0,0,0,2,2,0,0,0,21,23,2,0,0,0,0,0,0,0,2,0,0,0,9,0,0,175,1899,37,0,156,28,1057,0,0,105,60,182,0,0,107,1001,21,0
60,60,1891,Tale,363,615,35,474,324,1383,982,102,0,3,0,3,0,0,1,105,7,22,224,16,23,20,20,6,0,0,0,0,14,14,3,0,0,0,0,0,0,0,1,1,0,0,0,14,11,1,0,0,0,0,0,0,0,3,0,0,0,6,0,0,283,2136,64,1,152,24,1003,0,0,128,75,183,14,0,123,976,15,0
61,61,1891,Tale,255,641,13,483,460,1128,895,88,0,0,0,9,0,0,0,93,11,27,263,9,29,18,18,11,0,0,0,0,8,8,3,0,0,0,1,1,0,0,1,1,0,0,0,19,16,1,1,0,0,0,0,0,0,0,0,0,0,3,0,0,330,2488,47,1,123,16,842,0,0,182,51,177,1,0,103,1095,6,0
62,62,1891,Tale,460,560,35,471,270,1539,1127,57,0,0,0,4,0,0,0,152,2,13,161,0,2,28,28,8,0,0,0,0,19,19,4,0,0,0,2,2,0,0,0,0,0,0,0,15,13,2,2,0,0,0,0,0,0,0,0,0,0,2,0,0,270,1863,42,0,163,33,1125,0,0,90,70,214,2,0,115,963,31,0
63,63,1891,Tale,288,644,35,379,339,1304,948,162,0,0,0,3,0,0,0,122,0,23,233,27,35,11,11,7,0,0,0,0,3,3,0,0,0,0,0,0,0,0,0,0,0,3,0,19,11,3,3,0,0,0,0,0,0,0,0,0,0,7,0,0,458,2280,43,0,94,11,1003,0,0,130,63,205,43,0,102,916,3,0
64,64,1891,Tale,231,528,14,505,321,1090,835,66,0,0,0,0,0,0,0,70,4,23,212,56,75,0,0,0,0,0,0,0,9,9,4,0,0,0,0,0,0,0,0,0,0,0,0,0,0,0,0,0,0,0,0,0,0,0,0,0,0,0,0,0,571,2695,94,0,99,4,821,0,0,221,37,179,0,0,103,1109,0,0
65,65,1891,Tale,245,651,22,487,413,1136,941,108,0,2,0,2,0,0,7,101,2,12,190,54,32,9,9,2,0,0,0,0,7,7,2,0,0,0,0,0,0,0,0,0,0,0,0,4,4,0,0,0,0,0,0,0,0,0,0,0,0,2,0,0,408,2362,54,2,146,19,889,0,0,217,54,168,2,0,131,1062,12,2
66,66,1891,Tale,365,670,41,536,360,1324,804,134,0,0,0,0,0,5,0,56,15,30,170,25,5,20,20,15,0,0,0,0,20,20,0,0,0,0,0,0,0,0,5,5,0,0,0,0,0,0,0,0,0,0,0,0,0,5,0,0,0,15,0,0,175,2087,144,15,123,20,1030,0,0,273,128,216,10,0,97,979,20,0
67,67,1891,Tale,644,454,30,572,278,1903,1209,83,0,0,0,0,0,0,0,175,0,11,198,0,0,38,38,3,0,0,0,0,11,11,3,0,0,0,0,0,0,0,0,0,0,0,0,3,7,0,0,0,0,0,0,0,0,3,0,0,0,19,0,0,137,1354,61,0,251,11,1365,0,0,41,49,217,0,0,91,709,3,0
68,68,1891,Tale,375,591,38,460,322,1401,989,108,0,3,0,3,0,0,1,99,7,23,229,14,21,22,22,6,0,0,0,0,13,13,3,0,0,0,0,0,0,0,1,1,0,0,0,13,12,1,1,0,0,0,0,0,0,3,0,0,0,6,0,0,301,2098,63,0,155,26,1024,0,0,121,72,177,14,0,140,962,16,1
69,69,1891,Tale,303,837,6,421,274,1300,808,166,3,0,0,6,0,0,0,76,3,28,284,15,12,12,12,3,0,0,0,0,22,22,6,0,0,0,0,0,0,0,3,3,0,0,0,3,6,0,0,0,0,0,0,0,0,3,0,0,0,25,0,0,249,2256,115,0,124,28,814,0,0,175,86,137,0,0,95,1214,25,0
70,70,1891,Tale,211,643,76,495,290,1288,994,106,0,5,0,0,0,0,1,35,5,28,232,37,26,7,5,3,0,0,0,0,15,15,5,0,0,0,0,0,0,0,1,1,0,0,0,18,16,5,1,0,0,0,0,0,0,0,0,0,0,1,0,0,408,2213,43,0,151,22,904,0,0,131,63,187,7,0,125,1144,11,1
71,71,1891,Tale,404,531,37,372,315,1472,1000,72,0,1,1,1,0,0,6,168,11,11,212,15,21,18,20,5,1,1,0,0,11,11,0,0,0,0,0,0,0,0,0,0,0,0,0,11,8,1,0,0,0,0,0,0,0,0,0,1,0,8,0,0,261,2250,38,0,192,20,1034,1,0,86,59,119,74,0,199,894,3,1
72,72,1891,Tale,376,554,28,575,282,1520,1055,115,0,0,0,9,0,0,4,103,16,32,244,16,21,35,35,2,0,0,0,0,16,16,7,0,0,0,0,0,0,0,0,0,0,0,0,25,14,2,0,0,0,0,0,0,0,0,0,2,0,0,2,0,89,2014,68,2,129,47,1130,0,0,63,138,225,0,0,148,794,30,2
73,73,1891,Tale,359,488,81,334,260,1369,982,125,1,0,1,1,0,2,1,74,15,33,207,12,15,15,15,4,0,0,0,0,6,6,1,0,0,0,0,0,1,1,2,2,0,0,0,13,13,2,2,0,0,0,0,0,0,0,0,0,0,6,1,0,432,2242,41,0,164,41,1047,0,0,110,62,165,33,0,175,983,30,0
74,74,1891,Tale,368,530,23,511,453,1468,980,147,0,0,0,3,0,0,0,89,15,34,294,0,11,27,27,7,0,0,0,0,3,3,0,0,0,0,0,0,0,0,0,0,0,0,0,7,7,0,0,0,0,0,0,0,0,0,0,0,0,11,0,0,201,1863,65,0,89,30,1181,0,0,139,89,213,3,0,216,829,23,23
75,75,1891,Tale,598,603,22,523,283,1677,927,181,0,0,0,0,0,0,0,97,4,22,221,8,39,48,48,13,0,0,0,0,4,4,0,0,0,0,0,0,0,0,0,0,0,0,0,22,17,4,4,0,0,0,0,0,0,0,0,4,0,4,0,0,204,1654,62,0,208,22,1073,0,0,84,39,124,0,0,301,834,0,0
76,76,1891,Tale,440,548,11,467,362,1479,1148,84,0,0,0,17,0,0,0,81,0,8,319,8,17,37,37,14,0,0,0,0,20,20,2,0,0,0,0,0,0,0,2,2,0,0,0,5,8,0,0,0,0,0,0,0,0,0,0,2,0,2,0,0,330,1682,92,0,165,26,1151,0,0,78,63,145,0,0,136,957,14,0
77,77,2001,Tale,414,540,21,441,333,1664,1003,99,0,0,0,0,0,0,0,93,12,39,237,18,0,36,36,9,0,0,0,0,18,18,3,0,0,0,0,0,0,0,0,0,0,0,0,12,12,3,0,0,0,0,0,0,0,0,0,9,0,3,0,0,111,1637,81,0,210,9,1234,0,0,147,45,201,0,0,189,1048,0,9
78,78,2012,Tale,466,404,15,505,326,1926,1149,23,0,0,0,0,0,0,0,15,0,15,365,0,0,23,23,15,0,0,0,0,0,0,0,0,0,0,0,0,0,0,0,0,0,0,0,31,31,0,0,0,0,0,0,0,0,0,0,0,0,31,0,0,147,1227,7,0,271,7,1452,0,0,93,77,116,15,0,147,1056,7,0
79,79,1961,Poem,471,386,15,471,177,1603,896,100,0,13,0,0,0,0,1,97,1,10,157,18,17,15,15,5,0,0,0,0,17,17,6,0,0,0,0,0,0,0,0,0,0,0,0,15,13,1,0,0,0,0,0,0,0,1,0,0,0,18,0,0,316,2346,201,42,112,18,1014,0,0,116,66,191,3,0,147,841,10,0
80,80,1980,Novel,407,442,49,565,275,1774,1237,72,0,0,0,0,0,0,2,47,3,28,242,11,7,14,14,2,0,0,0,0,13,14,4,0,0,0,0,0,0,0,0,0,0,0,0,20,21,1,0,0,0,0,0,0,0,4,0,2,0,7,5,0,231,1585,91,0,201,20,1176,0,0,76,45,185,9,0,137,924,13,0
81,81,1881,Tale,739,266,50,486,157,2120,1204,20,0,0,0,0,0,0,2,136,4,16,166,2,2,25,25,2,0,0,0,0,6,6,0,0,0,0,0,0,0,0,0,0,0,0,0,13,9,2,2,0,0,0,0,0,0,25,0,0,0,18,0,0,166,1278,97,0,303,11,1424,0,0,6,64,129,9,0,240,729,9,9
82,82,1889-1894,Chronicle,637,316,40,469,164,2283,1154,59,1,5,0,0,0,0,0,115,5,11,190,0,6,8,8,3,0,0,0,0,10,8,1,0,0,0,0,0,0,0,0,0,0,0,0,27,25,1,0,0,0,0,0,0,0,0,0,3,0,10,1,0,210,1368,54,1,207,3,1623,0,0,30,59,136,15,0,207,503,1,1
83,83,1881,Tale,583,355,30,443,253,1900,972,43,0,1,0,0,0,0,0,100,7,26,178,10,13,17,17,4,0,0,0,0,7,7,0,0,0,0,0,0,0,0,1,1,0,0,0,12,10,3,1,0,0,0,0,0,0,46,0,0,0,6,0,0,194,1726,111,0,262,18,1155,0,0,28,70,144,4,0,233,970,12,3
84,84,1881,Tale,512,384,53,443,212,1954,1213,30,0,2,0,0,0,1,0,117,2,15,188,15,8,16,16,3,0,0,0,0,2,2,0,0,0,0,0,0,0,0,2,2,0,1,1,13,11,0,0,0,0,0,0,0,0,38,1,0,0,11,0,0,243,1444,81,0,237,28,1249,1,0,17,69,162,2,0,191,978,19,0
85,85,1954,Tale,336,287,46,355,213,1898,1426,42,1,17,0,1,0,0,0,74,4,10,179,9,0,27,27,5,0,0,0,0,6,6,2,0,0,0,0,0,0,0,0,0,0,0,0,27,24,8,1,0,0,0,0,0,0,0,1,4,0,9,0,0,457,1563,78,0,189,13,1483,0,0,47,43,145,21,4,115,769,8,0
86,86,1915,Short story,542,214,21,406,107,1784,1406,14,0,14,14,0,0,0,0,92,0,14,78,21,49,14,14,0,0,0,0,0,14,14,7,0,0,0,0,0,0,0,0,0,0,0,0,7,7,0,0,0,0,0,0,0,0,0,0,7,0,14,0,0,892,1491,28,7,221,7,1598,0,0,21,64,71,57,0,142,513,0,0
87,87,1952,Short story,552,353,43,428,202,1825,1419,65,0,4,2,0,0,0,0,15,2,15,216,5,0,10,10,1,0,0,0,0,14,14,2,0,0,0,0,0,0,0,0,0,0,0,0,21,19,2,1,0,0,0,0,0,0,0,2,0,0,10,0,0,435,1126,103,0,203,22,1588,0,0,91,57,244,10,0,101,737,11,0
88,88,1868,Novel,381,575,18,464,343,1497,1015,147,0,0,0,0,0,0,0,71,5,22,296,10,14,19,19,2,0,0,0,0,17,17,6,0,0,0,0,0,0,0,0,0,1,0,0,19,18,1,0,0,0,0,0,0,0,0,0,0,0,9,0,0,317,1582,84,0,154,18,1171,0,0,131,77,245,26,0,139,1035,9,1
89,89,1866,Novel,354,648,24,485,365,1337,918,167,0,0,0,2,0,0,1,76,4,23,312,19,14,25,25,4,0,0,0,0,16,16,6,0,0,0,0,0,0,0,0,0,1,1,0,15,15,0,0,0,0,0,0,0,0,0,0,0,0,7,0,0,305,1767,85,0,137,17,1089,0,0,169,75,234,20,0,116,1069,10,0
90,90,1870,Tale,491,533,7,460,375,1689,1131,200,0,0,0,0,0,0,0,70,4,18,262,16,3,22,23,3,0,0,0,0,15,16,4,0,0,0,0,0,0,0,0,0,0,0,0,18,18,2,2,0,0,0,0,0,0,1,0,0,0,8,0,0,147,1310,73,0,186,26,1199,0,0,115,84,284,9,0,169,965,20,0
91,91,1871,Novel,348,628,13,511,381,1433,981,165,0,0,0,1,0,0,0,69,5,20,319,14,11,17,17,1,0,0,0,0,17,17,6,0,0,0,0,0,0,0,0,0,0,0,0,17,16,1,0,0,0,0,0,0,0,0,0,0,0,8,0,0,295,1453,127,0,140,20,1150,0,0,166,69,276,40,0,125,1084,12,0
92,92,1867,Novel,395,599,21,427,336,1432,933,155,0,1,0,1,0,0,1,75,4,23,304,12,15,21,21,2,0,0,0,0,16,16,5,0,0,0,0,0,0,0,1,1,0,0,0,18,17,1,0,0,0,0,0,0,0,0,0,0,0,10,2,0,432,1668,77,0,148,20,1153,0,0,127,82,230,11,0,116,1026,12,1
93,93,1976,Tale,243,644,77,648,338,1564,935,69,0,0,0,0,0,0,0,73,14,44,250,0,7,14,14,0,0,0,0,0,14,14,3,0,0,0,0,0,0,0,0,0,0,0,0,25,25,3,0,0,0,0,0,0,0,0,0,0,0,7,0,0,110,1509,305,3,180,25,1016,0,0,165,47,195,7,0,147,1215,18,14
94,94,1976,Tale,420,711,28,750,404,1421,977,57,0,8,0,0,0,0,8,28,4,94,375,28,0,37,37,4,0,0,0,0,8,8,4,0,0,0,0,0,0,0,0,0,0,0,0,20,16,0,0,0,0,0,0,0,0,0,0,20,0,12,0,0,28,1493,28,0,119,12,853,0,0,160,78,144,16,4,181,1373,12,0
95,95,1903,Short story,326,562,87,515,307,1639,1187,59,0,0,0,0,0,0,0,97,25,12,194,0,6,6,6,0,0,0,0,0,12,12,3,0,0,0,0,0,0,0,0,0,0,0,0,15,15,0,0,0,0,0,0,0,0,0,0,3,0,18,0,0,153,1583,72,0,188,37,1140,0,0,169,50,160,0,0,188,1105,31,0
96,96,1903,Short story,530,457,55,452,273,1718,1326,52,0,0,0,0,0,0,0,128,35,25,168,7,5,17,20,12,0,0,0,0,5,5,5,0,0,0,0,0,0,0,0,0,0,0,0,7,7,0,0,0,0,0,0,0,0,15,0,5,0,10,2,0,251,1525,55,0,261,17,1263,0,0,72,65,113,30,0,198,786,10,0
97,97,1970,Tale,390,584,56,595,255,1627,1005,90,1,3,0,0,0,0,0,46,15,39,364,8,8,10,14,5,0,0,0,0,15,15,3,0,0,0,0,0,0,0,0,0,0,0,0,12,8,1,0,0,0,0,0,0,0,0,0,8,0,8,0,0,303,1760,58,1,179,24,1346,0,0,76,56,168,7,0,175,623,14,0
98,98,s√©culo 20,Tale,0,0,0,0,0,0,0,0,0,0,0,0,0,0,0,0,0,0,0,0,0,0,0,0,0,0,0,0,0,0,0,0,0,0,0,0,0,0,0,0,0,0,0,0,0,0,0,0,0,0,0,0,0,0,0,0,0,0,0,0,0,0,0,0,0,0,0,0,0,0,0,0,0,0,0,0,0,0
99,99,1825,Poetry,689,413,5,396,248,1835,1117,84,0,0,13,0,0,1,3,45,0,13,133,37,19,15,17,6,0,0,0,0,8,8,2,0,0,0,0,0,0,0,0,0,0,0,0,12,10,2,0,0,0,0,0,0,0,38,0,0,0,5,0,0,446,1694,97,0,250,12,1060,0,0,69,48,189,1,0,68,863,2,0
100,100,1853,Poetry,498,557,11,508,286,1475,939,136,0,15,7,5,0,0,6,25,1,43,278,73,52,9,12,2,0,0,0,0,8,8,1,0,0,0,0,0,0,0,0,0,0,0,0,10,10,2,0,0,0,0,0,0,0,5,0,2,0,0,0,0,360,1678,142,1,146,7,952,0,1,225,56,264,1,0,73,1080,5,0
101,101,1844,Drama,330,659,22,506,313,1255,694,159,0,15,8,3,0,1,2,62,1,37,254,10,24,13,14,5,0,0,0,0,6,6,2,0,0,0,0,0,0,0,1,1,5,5,0,11,12,0,0,0,0,0,0,0,0,4,0,0,0,7,1,0,618,1902,195,0,122,14,986,0,0,203,74,243,33,0,84,1037,9,1
102,102,1846,Short story,550,575,28,580,287,1462,961,136,0,8,2,1,0,1,0,34,5,28,220,14,12,13,14,4,0,0,0,0,12,12,4,0,0,0,0,0,0,0,0,0,1,1,0,12,12,1,0,0,0,0,0,0,0,0,0,2,0,8,0,0,328,1659,135,1,153,15,1108,0,0,144,89,237,19,0,113,961,9,2
103,103,2001,Tale,381,524,66,417,273,1636,1048,87,0,0,0,0,0,0,0,61,11,30,312,18,0,32,32,10,3,3,1,0,10,10,3,0,0,0,0,0,0,0,0,0,0,0,0,20,20,3,0,0,0,0,0,0,0,0,0,1,0,5,0,0,276,1511,47,0,170,18,1268,0,0,112,63,201,1,0,201,1078,15,0
104,104,1904,Chronicle,539,433,40,469,309,1935,1301,56,1,2,0,0,0,0,0,110,4,8,190,1,0,13,14,7,0,0,0,0,4,4,2,0,0,0,0,0,0,0,0,0,0,0,0,17,17,0,0,0,0,0,0,0,0,0,0,2,0,15,0,0,103,1253,63,0,296,7,1451,0,0,56,56,222,4,0,132,845,0,0
105,105,1941,Tale,478,497,40,528,305,1782,1214,71,3,6,0,0,0,0,0,126,6,0,210,3,0,9,9,3,0,0,0,0,9,9,6,0,0,0,0,0,0,0,0,0,0,0,0,15,15,0,0,0,0,0,0,0,0,0,0,6,0,21,0,0,117,1417,61,0,274,12,1380,0,0,58,61,237,9,0,157,831,0,0
106,106,2001,Tale,328,707,50,718,319,1270,761,104,2,0,0,0,0,0,0,41,13,54,447,13,0,31,31,2,0,0,0,0,20,20,13,0,0,0,0,0,0,0,0,0,0,0,0,11,11,0,0,0,0,0,0,0,0,0,0,0,0,20,0,0,91,1532,68,2,109,18,971,0,0,289,88,221,0,0,203,1382,13,9
107,107,1941,Short story,598,476,13,503,307,1744,1216,58,0,1,0,0,0,0,0,98,6,25,203,3,8,18,20,8,0,0,0,0,11,11,5,1,0,0,0,0,0,0,0,0,0,0,0,23,21,0,0,0,0,0,0,0,0,5,0,1,0,1,1,0,245,1244,143,0,285,15,1348,0,0,83,60,242,43,0,121,760,6,0
108,108,2001,Tale,502,436,44,515,278,1726,965,57,6,6,1,1,0,1,1,77,5,37,289,4,0,19,19,6,1,0,0,0,5,5,1,0,0,0,0,0,1,1,0,0,0,0,0,19,19,3,0,0,0,1,1,0,0,1,0,1,0,12,0,0,320,1347,64,0,226,18,1363,0,0,110,65,225,10,1,224,932,8,8
109,109,1941,Short story,393,539,40,614,378,1448,1121,89,1,1,0,0,0,0,0,81,4,42,312,3,4,10,10,1,0,0,0,0,22,22,9,0,0,0,0,0,0,0,0,0,0,0,0,15,15,1,0,0,0,0,0,0,0,0,0,2,0,8,0,0,290,1324,121,0,152,21,1197,0,0,190,66,274,5,0,89,1030,13,14
110,110,1941,Short story,423,501,48,562,335,1605,1163,74,1,3,0,0,0,0,0,158,6,21,257,1,3,10,10,4,0,0,0,0,21,21,4,0,0,0,0,0,0,0,0,0,0,0,0,22,22,3,3,0,0,0,0,0,0,0,0,3,0,4,0,0,202,1410,70,1,192,22,1341,0,0,135,83,237,1,0,118,870,10,0
111,111,1877,Tale,456,398,36,491,250,1668,1088,141,0,22,5,0,0,0,0,85,1,19,223,8,3,16,16,4,0,0,0,0,13,13,3,0,0,0,0,0,0,0,0,0,0,0,0,25,27,5,3,0,0,0,0,0,0,1,0,2,0,12,0,0,444,1439,115,0,195,34,1288,0,0,89,67,247,45,0,100,856,22,0
112,112,1877,Tale,390,471,31,640,295,1473,812,98,0,21,0,3,0,0,3,84,0,21,281,28,0,21,21,3,0,0,0,0,0,0,0,0,0,0,0,0,0,0,0,0,0,0,0,17,17,3,3,0,0,0,0,0,0,0,0,0,0,3,0,0,341,1705,189,0,186,17,1055,0,0,175,56,200,84,0,154,1069,10,3
113,113,1838,Poetry,537,346,11,460,230,1866,1349,53,0,0,6,0,0,0,7,71,0,17,185,56,22,22,22,13,0,0,0,0,6,5,2,0,0,0,0,0,0,0,0,0,0,0,0,14,14,3,0,0,0,0,0,0,0,6,0,0,0,2,0,0,360,1613,123,0,169,7,1184,0,0,119,25,147,2,0,75,822,1,0
114,114,1877,Tale,419,344,87,487,185,1923,1273,85,0,19,1,0,0,0,0,77,1,7,123,5,1,29,29,23,0,0,0,0,9,9,3,0,0,0,0,0,0,0,0,0,0,0,0,23,23,1,0,0,0,0,0,0,0,0,0,7,0,5,0,0,425,1331,96,0,257,27,1397,0,0,59,75,170,7,0,110,810,17,0
115,115,1844,Novel,482,360,28,469,272,1783,1415,97,0,8,0,0,0,0,0,71,3,9,216,7,4,21,22,7,0,0,0,0,9,9,3,0,0,0,0,0,0,0,0,0,0,0,0,22,23,3,1,0,0,0,0,0,0,0,1,0,0,9,0,0,320,1271,111,0,204,30,1373,0,0,94,63,226,1,1,109,798,20,0
116,116,1851,Novel,585,416,79,506,244,1772,1266,117,2,1,0,0,0,0,0,69,2,14,232,6,1,14,14,8,6,1,0,0,9,8,5,0,0,0,0,0,0,0,0,0,0,0,0,15,16,3,1,0,0,0,0,0,0,1,0,0,0,23,0,0,254,1275,120,0,197,23,1332,0,0,78,69,219,6,0,175,788,14,1
117,117,1843,Novel,478,397,35,496,292,1792,1251,117,0,2,1,0,0,0,0,72,1,16,236,8,6,20,21,7,0,0,0,0,9,9,3,0,0,0,0,0,0,0,0,0,0,0,0,20,19,2,0,0,0,0,0,0,0,0,0,0,0,9,0,0,324,1220,125,0,178,25,1348,0,0,111,61,232,23,0,136,857,18,0
118,118,1851,Chronicle,350,361,46,468,296,1596,1080,121,0,12,1,0,0,0,0,66,6,17,253,2,1,12,13,4,4,0,0,0,26,26,6,0,0,0,0,0,0,0,0,0,0,0,0,25,26,6,5,0,0,0,0,0,0,0,0,1,0,8,0,0,452,1401,130,0,169,31,1344,0,0,144,91,255,14,1,118,962,21,4
119,119,2014,Tale,461,238,5,446,572,1784,1267,40,0,0,0,0,0,0,0,202,0,15,364,0,0,25,25,0,0,0,0,0,5,5,0,0,0,0,0,0,0,0,0,0,0,0,0,30,30,10,5,0,0,0,0,5,5,0,0,5,0,0,0,0,70,1246,440,0,223,0,1485,0,0,106,15,202,0,0,86,572,0,0
120,120,2004,Tale,366,616,93,494,254,1577,1056,119,2,1,0,0,0,0,2,67,11,38,344,7,3,27,28,8,0,0,0,0,14,14,6,0,0,0,1,1,0,0,1,1,0,0,0,31,28,7,2,0,0,0,0,2,2,0,0,0,0,11,0,0,235,1440,63,0,233,85,1216,0,0,88,46,184,2,0,179,906,68,0
121,121,1997,Tale,264,499,97,511,271,1701,1292,73,2,2,0,0,0,11,2,66,4,26,330,33,7,19,19,0,0,0,0,0,16,16,2,0,0,0,0,0,0,0,0,0,0,0,0,47,45,7,0,0,0,0,0,0,0,0,0,0,0,33,0,0,157,1494,49,0,133,19,1273,0,0,188,54,121,0,0,133,954,14,0
122,122,2003,Tale,298,586,0,460,408,1513,1173,99,0,0,0,0,0,0,0,214,5,26,256,10,10,10,10,15,0,0,0,0,26,26,5,0,0,0,0,0,0,0,0,0,5,0,0,20,20,5,0,0,0,0,0,0,0,0,0,5,0,5,0,0,151,1272,235,0,162,15,1325,0,0,136,57,387,0,0,89,932,10,0
123,123,2003,Tale,273,560,10,488,398,1550,1149,72,0,0,6,0,0,0,0,166,3,20,301,17,17,27,31,17,0,0,0,0,41,41,13,0,0,0,0,0,0,0,0,0,3,0,0,17,17,3,0,0,0,0,0,0,0,0,0,3,0,3,0,0,131,1308,166,0,159,34,1228,0,0,117,58,366,3,0,138,1003,24,0
124,124,189?,Novel,0,0,0,0,0,0,0,0,0,0,0,0,0,0,0,0,0,0,0,0,0,0,0,0,0,0,0,0,0,0,0,0,0,0,0,0,0,0,0,0,0,0,0,0,0,0,0,0,0,0,0,0,0,0,0,0,0,0,0,0,0,0,0,0,0,0,0,0,0,0,0,0,0,0,0,0,0,0
125,125,1973,Tale,447,593,0,332,260,1685,853,83,0,0,0,0,0,10,0,145,10,41,270,0,0,62,62,0,0,0,0,0,10,10,10,0,0,0,0,0,0,0,0,0,0,0,0,20,20,0,0,0,0,0,0,0,0,0,0,0,0,10,0,0,176,1779,31,0,197,0,1207,0,0,62,31,135,0,0,322,1113,0,0
126,126,1962,Chronicle,347,304,19,376,324,1868,1372,19,0,0,0,6,0,0,0,3,0,0,136,0,0,32,32,6,3,3,3,0,12,12,3,0,0,0,0,0,0,0,0,0,0,0,0,38,35,6,0,0,0,0,0,0,0,0,0,0,0,6,0,0,317,1586,165,0,265,9,1355,0,0,42,32,100,16,0,184,947,0,0
127,127,1964,Essay,717,411,8,440,178,1816,1238,158,0,66,1,0,0,2,0,59,0,8,265,1,0,18,16,4,0,0,0,0,30,30,10,0,0,0,0,0,0,0,0,0,0,0,0,10,10,0,0,0,0,0,0,1,1,0,0,1,0,13,0,0,249,1409,81,0,186,14,1404,0,0,22,56,203,0,0,165,666,4,0
128,128,2003,Tale,488,505,8,736,265,1652,1078,34,0,0,0,0,0,0,0,34,0,42,359,0,0,51,51,17,8,8,8,0,17,17,0,0,0,0,0,0,0,0,0,0,0,0,0,25,25,0,0,0,0,0,0,0,0,0,0,0,0,0,0,0,34,1215,59,0,128,25,1087,0,0,188,102,248,0,0,205,1250,17,0
129,129,1879,Essay,652,351,27,468,153,1746,1439,99,0,106,17,0,0,1,0,54,1,9,169,9,0,13,14,4,0,0,0,0,14,14,6,0,0,0,0,0,0,0,0,0,0,0,0,22,22,1,0,0,0,0,0,0,0,4,0,0,0,18,0,0,570,1307,70,0,148,17,1375,0,0,39,51,156,7,3,144,644,11,0
130,130,1881,Essay,491,351,36,437,187,1610,1284,67,0,91,4,0,0,5,0,83,3,24,206,5,1,13,13,4,0,0,0,0,12,12,5,0,0,0,0,0,0,0,0,0,0,0,0,22,21,2,0,0,0,0,0,0,0,1,0,25,0,11,1,0,620,1537,67,0,182,23,1318,0,0,34,60,154,60,0,143,734,13,0
131,131,1881,Essay,501,372,30,443,195,1579,1248,61,0,174,4,0,0,6,0,80,2,21,201,9,1,13,13,3,0,0,0,0,13,13,5,0,0,0,0,0,1,1,0,0,0,0,0,15,14,1,0,0,0,0,0,0,0,2,0,37,0,13,0,0,591,1651,81,3,166,21,1264,0,0,41,55,139,23,2,146,712,11,0
132,132,2004,Tale,506,468,19,487,219,2015,1222,47,9,47,0,0,0,0,0,47,0,57,257,0,0,38,38,9,0,0,0,0,9,9,0,0,0,0,0,0,0,0,0,0,0,0,0,28,28,0,0,0,0,0,0,0,0,0,0,0,0,0,0,0,9,1146,85,0,152,66,1451,0,0,95,105,267,0,0,210,792,47,0
133,133,1660,Tale,443,546,15,595,332,1456,998,131,0,5,0,0,0,0,0,98,4,15,209,10,4,16,17,3,0,0,0,0,19,19,3,0,0,0,0,0,0,0,0,0,0,0,0,15,15,1,0,0,0,0,0,0,0,0,0,2,0,19,0,0,484,1382,168,0,180,24,1229,0,0,121,111,327,19,0,53,876,13,0
134,134,1985,Memoirs,284,654,62,443,254,1463,1148,124,1,16,0,0,0,0,0,118,8,34,397,5,1,40,38,8,12,0,0,0,13,12,2,0,0,0,1,1,0,0,0,0,0,0,0,28,27,1,0,0,0,0,0,0,0,2,0,0,0,12,0,0,212,1455,96,0,207,52,1246,0,0,105,97,177,4,0,117,970,26,0
135,135,2002,Tale,572,508,45,557,229,1529,936,106,0,41,1,0,0,0,1,41,1,40,273,13,7,20,23,10,1,0,0,0,6,6,1,0,0,0,0,0,0,0,3,2,0,0,0,28,28,4,1,0,0,0,1,0,0,2,0,5,0,23,1,0,356,1763,55,1,185,29,1214,0,0,199,53,150,2,0,172,721,14,0
136,136,1962,Chronicle,457,454,32,583,284,1750,1105,71,0,0,0,0,0,0,0,40,8,35,277,7,7,18,18,4,1,0,0,0,11,11,3,0,0,0,0,0,0,0,0,0,0,0,0,16,16,3,2,0,0,0,0,0,0,2,0,2,0,9,0,0,207,1536,64,0,207,24,1305,0,0,122,68,155,1,0,177,868,16,0
137,137,19??,Chronicle,0,0,0,0,0,0,0,0,0,0,0,0,0,0,0,0,0,0,0,0,0,0,0,0,0,0,0,0,0,0,0,0,0,0,0,0,0,0,0,0,0,0,0,0,0,0,0,0,0,0,0,0,0,0,0,0,0,0,0,0,0,0,0,0,0,0,0,0,0,0,0,0,0,0,0,0,0,0
138,138,1974,Tale,301,741,43,383,305,1345,892,95,1,2,0,0,0,0,1,52,10,44,293,12,16,37,37,1,0,0,0,0,10,10,4,0,0,0,0,0,0,0,1,1,0,0,0,41,41,1,0,0,0,0,0,0,0,0,0,2,0,5,0,0,217,2194,60,18,126,32,1072,0,0,157,61,122,14,0,150,1009,20,0
139,139,1971,Short story,380,487,37,421,221,1730,1229,54,0,6,1,1,0,0,1,46,8,23,242,7,9,18,18,7,0,0,0,0,9,9,4,0,0,0,0,0,0,0,0,0,1,1,0,22,22,6,3,0,0,0,0,0,0,1,0,0,0,6,3,0,434,1357,57,1,223,27,1382,0,0,63,47,152,14,0,265,901,16,0
140,140,1924,Tale,280,425,21,515,283,1534,1260,72,0,0,6,0,0,0,3,51,3,15,244,9,15,36,36,6,0,0,0,0,15,15,3,0,0,0,0,0,0,0,0,0,0,0,0,15,15,3,3,0,0,3,3,0,0,0,0,0,0,30,0,0,470,1547,105,12,171,15,1230,0,0,147,39,114,60,0,180,974,6,0
141,141,1949,Tale,357,406,47,451,214,1747,1251,78,2,9,0,4,0,0,1,44,10,17,205,4,12,17,18,5,1,0,0,0,9,9,0,0,0,0,0,0,0,0,0,0,0,0,0,27,27,2,0,0,0,0,0,0,0,0,0,0,0,16,10,0,494,1490,82,0,219,13,1394,0,0,78,48,150,9,0,181,816,4,1
142,142,1956,Chronicle,587,420,48,547,163,1862,1318,88,0,16,3,0,0,1,0,43,10,26,148,9,3,19,20,6,1,0,0,0,6,6,2,0,0,0,0,0,0,0,0,0,0,0,0,14,14,2,1,0,0,0,0,0,0,2,1,5,0,21,3,0,434,1262,97,1,200,9,1440,0,0,40,46,188,31,0,143,665,3,0
143,143,1970,Novel,438,271,45,464,188,2012,1556,25,3,153,0,0,0,0,0,137,3,18,223,1,0,13,13,0,4,0,0,0,7,7,0,0,0,0,0,0,0,0,0,0,0,0,0,19,22,1,0,0,0,0,0,0,0,0,0,39,0,10,0,0,331,989,27,0,197,33,1647,0,1,10,65,137,24,0,91,736,19,0
144,144,1883,Chronicle,653,312,73,437,148,1984,1327,71,0,22,8,0,0,3,0,67,3,9,145,3,1,15,15,4,0,0,0,0,12,13,4,0,0,0,0,0,0,0,0,0,0,0,0,24,24,3,1,0,0,0,0,0,0,2,0,2,0,12,1,0,396,1200,81,0,223,14,1635,0,0,45,86,141,9,4,201,533,6,1
145,145,1915,Tale,405,493,21,435,380,1597,1010,104,1,4,0,0,0,0,1,57,4,15,287,24,18,14,18,11,0,0,0,0,8,8,2,0,0,0,0,0,0,0,0,0,1,1,0,18,18,1,0,0,0,0,0,0,0,1,0,1,0,21,0,0,140,1491,290,1,110,38,1212,0,0,249,58,216,2,0,201,971,21,0
146,146,1871,Chronicle,634,350,46,441,175,1936,1389,77,0,8,1,0,0,2,0,57,4,18,174,6,1,17,17,4,0,0,0,0,10,10,3,0,0,0,0,0,0,0,0,0,0,0,0,21,21,3,1,0,0,0,0,0,0,0,0,1,0,10,4,0,341,1183,105,0,207,17,1589,0,0,55,81,157,11,3,174,598,8,0
147,147,1871,Chronicle,662,451,41,481,184,1776,1313,68,0,14,7,0,0,1,0,64,3,14,177,5,2,14,14,3,0,0,0,0,12,12,3,0,0,0,0,0,0,0,0,0,0,0,0,21,21,1,0,0,0,0,0,0,0,2,1,7,0,11,1,0,499,1129,141,0,186,14,1517,0,0,61,86,172,25,0,133,619,5,0
148,148,1915,Tale,495,450,37,580,382,1605,1109,102,0,0,0,0,0,0,3,105,10,10,314,3,3,20,20,10,0,0,0,0,10,10,6,0,0,0,0,0,0,0,0,0,0,0,0,17,10,3,3,0,0,0,0,0,0,0,0,3,0,3,0,0,174,1161,177,3,174,37,1400,0,0,194,51,235,13,0,235,775,30,0
149,149,1876,Script,665,399,56,418,228,1875,1385,85,0,3,0,0,0,0,0,56,6,9,145,7,0,11,11,2,0,0,0,0,10,10,1,0,0,0,0,0,0,0,0,0,0,0,0,18,18,2,1,0,0,0,0,0,0,1,0,0,0,19,0,0,235,1313,152,1,226,15,1250,0,0,69,86,195,21,0,174,790,10,0
150,150,1913,Drama,381,753,17,541,344,1192,697,144,0,0,0,0,0,0,3,51,4,94,355,31,15,21,23,10,1,1,1,0,34,34,7,0,0,0,0,0,0,0,0,0,0,0,0,17,17,4,4,1,1,0,0,0,0,0,0,0,0,135,0,0,76,1611,161,21,60,57,850,0,0,256,99,336,4,0,172,1293,28,18
151,151,1614,Chronicle,306,584,158,702,325,1462,953,145,1,0,0,0,0,0,0,104,9,15,259,0,4,15,15,3,5,1,0,0,27,27,6,0,0,0,0,0,0,0,0,0,0,0,0,24,24,4,1,0,0,0,0,0,0,0,0,0,0,5,0,0,290,926,141,0,157,27,1484,0,0,157,205,417,5,0,77,882,20,2
152,152,1614,Chronicle,293,564,128,685,388,1488,915,191,0,3,0,0,0,0,0,100,8,10,254,2,2,15,15,4,5,1,0,0,20,20,5,0,0,0,0,0,0,1,0,0,0,0,0,22,21,7,2,0,0,0,0,0,0,1,0,5,0,8,0,0,182,1007,156,0,144,23,1419,0,0,205,172,433,6,0,86,955,14,2
153,153,2014,Tale,408,832,64,708,305,1478,721,129,0,0,0,2,0,5,0,56,16,43,364,2,24,40,40,18,0,0,0,0,8,8,0,0,0,0,0,0,0,0,0,0,0,0,0,35,32,2,0,0,0,0,0,0,0,0,0,0,0,0,0,0,59,1557,110,2,154,13,1084,0,0,121,56,167,0,0,275,1032,8,2
154,154,1997,Novel,386,393,36,546,256,1849,1054,120,0,32,1,0,0,0,0,45,8,36,228,2,0,27,27,7,3,0,0,0,17,17,7,0,0,0,0,0,0,0,0,0,0,0,0,25,25,0,0,0,0,0,1,0,0,1,1,5,0,6,1,0,592,1022,33,1,187,33,1658,0,0,102,67,175,6,0,202,724,16,0
155,155,1900,Tale,585,423,70,511,96,1789,1047,99,0,12,5,0,0,3,6,63,5,16,137,8,3,14,12,3,0,0,0,0,8,9,2,0,0,0,0,0,0,0,0,0,0,0,0,30,30,6,1,0,0,0,0,0,0,0,0,12,0,0,0,0,365,1638,118,0,219,9,1302,0,0,95,72,177,23,0,231,710,6,2
156,156,1900,Tale,524,449,17,522,168,1754,1100,85,0,0,2,0,0,0,0,134,2,9,124,4,7,24,24,2,0,0,0,0,19,19,2,0,0,0,0,0,0,0,0,0,0,0,0,29,29,9,0,0,0,0,0,0,0,0,0,0,0,2,0,0,344,1503,180,0,209,7,1269,0,0,75,53,170,14,0,263,827,4,2
157,157,1900,Tale,510,550,48,520,141,1542,1102,128,0,6,0,0,0,0,0,58,2,2,127,7,8,9,7,3,0,0,0,0,17,17,8,0,0,0,0,0,0,0,0,0,0,0,0,38,36,1,0,0,0,0,0,0,0,0,0,13,0,6,7,0,557,1623,154,1,224,7,1272,0,0,92,57,148,14,0,209,687,1,6
158,158,1900,Tale,542,431,24,414,308,1740,1094,150,0,0,0,0,0,0,0,96,0,22,243,11,0,13,11,0,0,0,0,0,7,7,0,0,0,0,0,0,0,0,1,1,0,0,0,33,33,7,1,0,0,0,0,0,0,0,0,1,0,11,0,0,169,1416,193,0,200,9,1305,0,0,165,78,169,5,0,275,790,7,1
159,159,1900,Tale,471,561,27,579,194,1651,1104,76,0,1,1,0,0,0,0,100,1,9,153,8,6,18,17,2,0,0,0,0,14,14,1,0,0,0,0,0,0,0,0,0,0,0,0,30,29,5,0,0,0,0,0,0,0,1,0,0,0,2,0,0,322,1536,119,0,233,12,1238,0,0,109,69,176,108,0,192,783,3,4
160,160,1866,Tale,755,367,31,469,158,1927,1315,112,0,1,1,0,0,0,0,67,2,17,103,7,0,8,8,8,0,0,0,0,13,13,4,0,0,0,0,0,0,0,0,0,0,0,0,10,8,1,0,0,0,0,1,0,0,0,0,1,0,1,0,0,232,1580,103,0,170,5,1163,0,0,80,88,154,1,0,218,767,4,0
161,161,1888,Novel,442,528,36,400,240,1489,1014,104,0,1,0,0,0,0,1,107,3,25,213,11,9,19,19,6,0,0,0,0,6,6,0,0,0,0,0,0,0,0,0,0,0,0,0,24,24,3,0,0,0,0,0,0,0,1,0,1,0,6,4,0,507,1774,98,0,174,18,1184,0,0,128,56,136,23,0,236,883,9,2
162,162,1900,Tale,493,401,24,548,92,1690,1310,65,0,0,0,2,0,0,0,105,0,2,62,0,24,8,8,2,0,0,0,0,0,0,0,0,0,0,0,0,0,0,0,0,0,0,0,65,65,5,2,0,0,0,0,0,0,0,0,0,0,0,0,0,575,1508,122,0,206,0,1345,0,0,62,67,162,5,0,206,754,0,0
163,163,1900,Tale,581,405,30,503,257,1664,996,90,0,23,2,1,0,0,1,97,5,11,162,7,6,23,23,14,0,0,0,0,0,0,0,0,0,0,0,0,0,0,0,0,0,0,0,10,11,0,0,0,0,0,0,0,0,0,0,5,0,11,2,0,367,1769,153,0,210,23,1087,0,0,108,40,100,12,0,246,902,15,1
164,164,1900,Tale,516,351,35,482,234,1783,1068,107,0,8,0,0,0,0,0,65,2,12,165,6,8,12,12,6,0,0,0,0,2,2,0,0,0,0,0,0,0,0,0,0,0,0,0,14,14,6,2,0,0,0,0,0,0,6,0,2,0,10,0,0,374,1557,129,0,272,21,1305,0,0,99,40,124,0,0,294,816,14,8
165,165,1865,Poetry,513,356,24,652,216,1796,1224,106,0,13,19,0,0,0,2,78,7,18,187,37,18,19,19,10,0,0,0,0,10,9,3,0,0,0,0,0,0,0,0,0,0,0,0,13,11,1,0,0,0,0,0,0,0,13,0,0,0,1,0,0,403,1556,82,6,144,10,1048,0,0,81,66,232,2,0,104,868,2,0
166,166,1872,Poetry,459,410,17,557,295,1761,1021,91,0,12,10,0,0,0,1,57,4,22,266,51,25,14,17,7,0,0,0,0,11,11,3,0,0,0,0,0,0,0,0,0,0,1,0,12,10,1,0,0,0,0,0,0,0,55,0,1,0,5,1,0,256,1787,195,0,126,8,935,1,0,155,52,184,2,0,127,943,2,0
167,167,1913,Tale,387,443,26,563,344,1765,1213,26,0,0,0,0,0,0,2,89,21,16,243,0,2,19,19,4,0,0,0,0,14,14,2,0,0,0,0,0,0,0,0,0,0,0,0,19,21,4,0,0,0,0,0,0,0,0,0,0,0,2,0,0,216,1601,60,2,199,4,1266,0,0,98,24,113,16,0,168,956,0,0
168,168,1963,Short story,419,445,48,504,263,1641,1137,58,2,6,0,0,2,2,2,38,6,14,291,16,6,12,12,6,0,0,0,0,13,13,1,0,0,0,0,0,0,0,0,0,0,0,0,19,19,1,0,0,0,0,0,0,0,0,0,2,0,8,0,0,488,1421,108,0,166,25,1362,0,0,96,54,196,38,0,127,873,12,3
169,169,1963,Short story,475,401,41,508,280,1712,1150,59,2,1,0,0,0,3,1,42,12,18,226,9,2,24,25,6,0,0,0,0,7,7,1,0,0,0,2,2,0,0,0,0,0,0,0,15,14,0,0,0,0,0,0,0,0,1,0,2,0,10,1,0,418,1443,82,1,188,18,1309,0,0,89,64,189,3,0,179,906,12,16
170,170,1913,Tale,310,393,64,473,236,1827,1217,67,0,13,0,0,0,0,0,74,11,20,270,4,10,8,8,4,0,0,0,0,7,7,1,0,0,0,0,0,0,0,0,0,0,0,0,20,19,1,0,0,0,0,0,0,0,0,0,0,0,7,0,0,346,1581,51,0,201,17,1317,0,0,66,63,169,14,10,154,909,10,2
171,171,1963,Short story,516,440,31,478,278,1699,1119,94,1,2,0,0,0,3,2,50,1,18,313,9,14,18,19,3,0,0,0,0,16,16,3,0,0,0,0,0,0,0,0,0,0,0,0,14,16,0,0,0,0,0,0,0,0,0,0,0,0,6,0,0,388,1504,132,1,171,26,1295,0,0,61,53,179,7,0,120,849,14,0
172,172,1963,Short story,292,510,63,450,388,1632,1078,53,0,4,0,0,0,0,0,35,8,25,320,12,12,13,14,4,0,0,0,0,10,11,3,0,0,0,0,0,0,0,0,0,0,0,0,16,22,0,0,0,0,0,0,0,0,0,0,4,0,14,0,0,258,1656,110,0,141,14,1178,0,0,127,42,201,3,0,147,1095,9,0
173,173,2000,Tale,271,482,12,505,332,1756,1173,128,0,0,6,0,0,0,0,86,2,37,242,10,0,16,16,2,0,0,0,0,23,23,6,0,0,0,0,0,0,0,0,0,0,0,0,25,25,4,4,0,0,0,0,0,0,0,2,0,0,6,0,0,105,1206,195,0,122,16,1118,0,0,244,42,244,2,0,326,1156,14,0
174,174,1946,Tale,507,694,18,519,345,1377,877,112,0,0,2,0,0,0,0,67,6,32,321,13,9,34,34,5,0,0,0,0,16,16,8,0,0,0,0,0,0,0,0,0,0,0,0,11,9,1,0,0,0,0,0,0,0,0,0,0,0,9,0,0,339,1660,139,1,165,20,1068,0,0,156,81,178,4,0,141,970,8,0
175,175,1991,Short story,560,320,13,422,282,1787,1092,69,0,3,6,0,0,5,0,87,3,10,227,8,5,13,13,1,0,0,0,0,6,6,1,0,0,0,0,0,0,0,0,0,0,0,0,27,25,3,3,0,0,0,0,0,0,1,0,1,0,8,0,0,569,1364,91,1,139,17,1375,0,0,58,41,150,1,0,239,912,10,0
176,176,1959,Chronicle,456,606,50,444,216,1499,1034,100,0,4,0,0,0,0,1,52,6,26,186,15,24,23,25,4,0,0,0,0,6,6,0,0,0,0,0,0,0,0,0,0,0,0,0,19,15,3,0,0,0,0,0,0,0,13,0,1,0,13,0,0,310,2164,46,0,210,17,1046,0,0,129,65,90,10,0,173,865,7,0
177,177,1971,Tale,446,441,14,513,326,1637,1160,37,0,4,0,1,0,0,0,97,4,29,179,8,2,22,23,10,0,0,0,0,8,8,2,0,0,0,0,0,0,0,0,0,0,0,0,25,22,4,4,0,0,0,0,1,1,0,0,0,0,4,0,0,71,1688,32,1,267,17,1220,0,0,161,23,245,0,0,208,995,13,1
178,178,1976,Tale,414,489,44,541,322,1589,1111,47,0,3,1,0,0,0,1,102,9,21,193,4,15,23,24,8,0,0,0,0,8,8,2,0,0,0,0,0,0,0,0,0,0,0,0,18,18,3,3,0,0,0,0,0,0,0,0,0,0,8,1,0,81,1612,72,0,214,31,1232,0,0,215,69,218,1,0,196,986,23,0
179,179,1976,Tale,398,452,25,546,328,1648,1060,60,0,2,0,0,0,0,0,108,4,28,241,4,0,19,19,4,0,0,0,0,19,19,5,0,0,0,1,1,0,0,0,0,0,0,0,26,26,3,0,0,0,0,0,0,0,0,0,0,0,5,0,0,116,1477,202,0,238,9,1359,0,0,217,64,222,2,0,168,852,3,0
180,180,1971,Tale,477,439,19,492,253,1715,1146,43,0,24,0,0,0,3,0,81,6,27,204,0,0,17,18,4,0,0,0,0,12,13,3,0,0,0,0,0,0,0,0,0,0,0,0,30,28,3,2,0,0,0,0,0,0,0,0,4,0,9,0,0,164,1465,62,0,246,20,1408,0,0,144,57,244,4,10,226,841,12,0
181,181,1978,Tale,328,619,6,859,326,1428,960,88,0,6,0,0,0,0,0,74,6,44,268,9,3,6,6,1,0,0,0,0,23,23,3,0,0,0,3,3,0,0,0,0,0,0,0,33,29,4,0,0,0,0,0,0,0,0,0,1,0,9,0,0,214,1189,131,1,156,38,1035,0,0,296,64,341,39,0,178,1112,14,0
182,182,1737,Drama,270,583,20,462,337,1111,587,177,0,0,2,0,1,0,2,44,5,14,229,22,38,6,8,2,0,0,0,0,23,23,1,0,0,0,1,1,0,0,0,0,0,0,0,6,6,0,0,0,0,0,0,0,0,0,0,0,0,5,0,0,846,2079,179,0,104,8,738,0,0,166,52,244,379,0,71,1114,3,0
183,183,1941,Novel,366,448,107,503,258,1766,1191,110,6,52,0,0,0,0,0,162,3,44,245,8,6,12,12,3,2,0,0,0,12,12,1,0,0,0,3,3,0,0,0,0,0,0,0,27,28,3,1,0,0,0,0,0,0,0,0,12,0,16,0,0,246,1510,60,0,146,35,1190,0,0,62,98,168,14,0,82,926,14,0
184,184,2004,Tale,408,541,30,520,214,1767,1001,163,0,10,0,0,0,0,0,10,0,30,286,0,0,40,40,20,0,0,0,0,10,10,0,0,0,0,0,0,0,0,0,0,0,0,0,20,20,0,0,0,0,0,0,0,0,0,0,0,0,10,0,0,265,1542,91,0,61,30,1062,0,0,51,81,265,0,0,326,1031,30,0
185,185,2005,Tale,354,919,112,467,370,1387,806,129,0,0,0,0,0,0,0,0,0,112,306,0,16,0,0,0,0,0,0,0,16,16,0,0,0,0,0,0,0,0,0,0,0,0,0,16,16,0,0,0,0,0,0,0,0,0,0,0,0,0,0,0,32,1822,64,0,209,16,790,0,0,306,64,112,0,0,145,1370,16,0
186,186,2005,Tale,340,724,44,325,295,1582,1005,133,0,0,0,0,0,0,0,14,0,44,325,14,0,73,73,0,0,0,0,0,0,0,0,0,0,0,0,0,0,0,0,0,0,0,0,14,14,0,0,0,0,0,0,0,0,0,0,0,0,0,0,0,14,1834,118,0,118,14,1035,0,0,133,29,133,0,0,133,1390,14,0
187,187,2000,Tale,481,515,50,654,344,1754,1079,70,0,4,0,0,0,0,0,44,8,33,418,4,0,13,13,8,0,0,0,0,26,26,10,0,0,0,0,0,0,0,0,0,0,0,0,34,34,0,0,0,0,0,0,1,1,0,0,0,0,23,1,0,154,783,159,0,204,28,1432,0,0,125,59,208,1,0,244,926,13,0
188,188,2004,Tale,474,680,60,469,290,1589,891,92,0,0,0,0,0,0,0,55,7,50,255,2,5,15,15,7,2,2,2,2,2,2,0,0,0,0,0,0,0,0,0,0,0,0,0,13,13,5,0,0,0,0,0,0,0,0,0,2,0,10,0,0,97,1840,108,0,187,34,1022,0,0,171,50,147,0,0,268,1025,18,2
189,189,1517,Drama,361,492,17,463,227,1464,621,166,0,274,7,12,0,1,7,65,0,9,205,32,64,21,4,1,0,0,0,0,7,7,0,0,0,0,0,0,0,0,0,0,0,0,0,3,0,0,0,0,0,0,0,0,0,29,0,0,0,6,0,0,819,1776,97,0,164,10,723,1,0,183,40,262,17,3,69,1249,0,0
190,190,1518,Drama,560,400,8,514,242,1285,589,133,0,538,0,0,0,0,2,60,6,22,214,16,40,16,10,0,0,0,0,0,4,4,0,0,0,2,0,0,2,0,0,0,4,4,0,4,2,0,0,0,0,0,0,0,0,10,0,0,0,10,0,0,585,2162,145,0,293,4,741,0,0,95,54,184,54,16,24,927,0,2
191,191,1509,Drama,504,541,68,421,327,1321,367,159,0,307,2,0,2,0,17,54,0,25,219,105,31,2,2,2,0,0,0,0,5,5,0,0,0,0,0,0,0,0,0,0,0,0,0,2,2,0,0,0,0,0,0,0,0,14,0,2,0,8,0,0,1164,1740,99,0,139,17,572,0,0,230,59,233,5,0,25,1170,2,8
192,192,1523,Drama,337,622,14,528,322,1105,374,125,0,419,1,1,0,0,12,31,0,19,322,66,23,9,2,0,0,0,0,0,7,7,1,0,0,0,0,0,0,0,0,0,1,0,0,0,1,1,0,0,0,0,0,0,0,20,0,0,0,3,0,0,902,2185,102,1,153,15,576,0,0,249,46,191,7,0,14,1167,2,0
193,193,1960,Tale,411,514,21,478,232,1745,1234,67,0,20,0,1,0,0,1,85,3,29,211,7,6,9,9,2,0,0,0,0,2,2,0,0,0,0,0,0,0,0,0,0,0,0,0,12,11,1,0,0,0,0,0,0,0,0,0,0,0,12,1,0,361,1486,82,1,162,12,1199,0,0,211,63,126,4,0,107,1029,6,4
194,194,1998,Novel,338,455,41,391,150,2008,1132,76,0,10,0,0,0,0,2,35,0,23,290,10,0,18,19,3,6,2,0,0,7,7,2,0,0,0,0,0,0,0,0,0,0,0,0,9,9,0,0,0,0,0,0,0,0,1,0,0,0,10,0,0,193,1628,242,1,161,29,1283,0,0,161,46,162,6,3,89,904,18,0
195,195,1654,Allegory,467,621,36,791,346,1447,1070,155,0,14,6,0,0,0,0,62,8,12,248,18,9,10,12,4,0,0,0,0,26,26,3,0,0,0,1,1,0,0,0,0,0,0,0,11,10,0,0,0,0,0,0,0,0,0,0,0,0,8,0,0,290,1373,94,1,125,17,1040,0,0,137,109,271,22,0,60,1010,10,0
